{
 "beached": 50060.60669617794,
 "off_maps": 0.0,
 "evaporated": 554523.0171050135,
 "natural_dispersion": 65042.26635843374,
 "sedimentation": 8531.504177009687,
 "water_content": 0.8876685138848394,
 "avg_density": 1016.4003285823749,
 "floating": 146894.70482185774,
 "amount_released": 825052.0991584796,
 "non_weathering": 50060.60669617794,
 "avg_viscosity": 0.04568100472367301,
 "time_stamp": "2017-01-28T01:00:00"
}