{
 "beached": 64859.11392072733,
 "off_maps": 0.0,
 "evaporated": 569588.8691071868,
 "natural_dispersion": 66766.78127821394,
 "sedimentation": 8760.906784776122,
 "water_content": 0.8887035446528723,
 "avg_density": 1015.8135475965879,
 "floating": 137476.03256962873,
 "amount_released": 847451.7036605196,
 "non_weathering": 64859.11392072733,
 "avg_viscosity": 0.0456985218978282,
 "time_stamp": "2017-01-28T18:00:00"
}