{
 "beached": 0.0,
 "off_maps": 0.0,
 "evaporated": 200030.32692698832,
 "natural_dispersion": 24211.639878477316,
 "sedimentation": 3148.2044426833036,
 "water_content": 0.8773141134290267,
 "avg_density": 1014.751239389487,
 "floating": 80604.39065490835,
 "amount_released": 307994.56190305715,
 "non_weathering": 0.0,
 "avg_viscosity": 0.039653784284948035,
 "time_stamp": "2017-01-11T10:00:00"
}