{
 "beached": 19075.24375546211,
 "off_maps": 0.0,
 "evaporated": 378073.92497384944,
 "natural_dispersion": 44782.071393879516,
 "sedimentation": 5859.402835515191,
 "water_content": 0.884989303077029,
 "avg_density": 1015.9238870441209,
 "floating": 120599.32128057201,
 "amount_released": 568389.9642392717,
 "non_weathering": 19075.24375546211,
 "avg_viscosity": 0.0437316792000398,
 "time_stamp": "2017-01-19T19:00:00"
}