{
 "beached": 0.0,
 "off_maps": 0.0,
 "evaporated": 252692.93191128774,
 "natural_dispersion": 30337.901087818846,
 "sedimentation": 3955.483355530064,
 "water_content": 0.8831448298912631,
 "avg_density": 1015.4927315858961,
 "floating": 98473.54445131076,
 "amount_released": 385459.86080594535,
 "non_weathering": 0.0,
 "avg_viscosity": 0.04131128019668294,
 "time_stamp": "2017-01-13T22:00:00"
}