{
 "beached": 46735.33867688826,
 "off_maps": 0.0,
 "evaporated": 539114.8309347312,
 "natural_dispersion": 63291.0207902512,
 "sedimentation": 8300.745922551181,
 "water_content": 0.8888486037822235,
 "avg_density": 1015.6855035945571,
 "floating": 146143.87518628206,
 "amount_released": 803585.8115106913,
 "non_weathering": 46735.33867688826,
 "avg_viscosity": 0.04536818933846916,
 "time_stamp": "2017-01-27T08:00:00"
}