{
 "beached": 0.0,
 "off_maps": 0.0,
 "evaporated": 30601.865445430714,
 "natural_dispersion": 3941.2982419158725,
 "sedimentation": 484.7777031183034,
 "water_content": 0.7909454576478404,
 "avg_density": 1005.6450457147281,
 "floating": 16304.485593377965,
 "amount_released": 51332.42698384281,
 "non_weathering": 0.0,
 "avg_viscosity": 0.020375270016582646,
 "time_stamp": "2017-01-03T04:00:00"
}