{
 "beached": 0.0,
 "off_maps": 0.0,
 "evaporated": 27221.898104896958,
 "natural_dispersion": 3520.367002998954,
 "sedimentation": 429.9262675147336,
 "water_content": 0.7918052033416694,
 "avg_density": 996.6169202860725,
 "floating": 15493.651337173771,
 "amount_released": 46665.842712584374,
 "non_weathering": 0.0,
 "avg_viscosity": 0.017913152123056168,
 "time_stamp": "2017-01-03T00:00:00"
}