{
 "beached": 0.0,
 "off_maps": 0.0,
 "evaporated": 239394.87934750525,
 "natural_dispersion": 28806.42643127739,
 "sedimentation": 3753.2118782928446,
 "water_content": 0.8826712653181961,
 "avg_density": 1013.7619548991959,
 "floating": 94839.00606383814,
 "amount_released": 366793.52372091205,
 "non_weathering": 0.0,
 "avg_viscosity": 0.04059941070151703,
 "time_stamp": "2017-01-13T07:00:00"
}