{
 "beached": 0.0,
 "off_maps": 0.0,
 "evaporated": 226119.08492047738,
 "natural_dispersion": 27266.967789840903,
 "sedimentation": 3551.900841686033,
 "water_content": 0.8824899822460692,
 "avg_density": 1013.6405877788309,
 "floating": 90255.91622962386,
 "amount_released": 347193.8697816271,
 "non_weathering": 0.0,
 "avg_viscosity": 0.040255378394031927,
 "time_stamp": "2017-01-12T16:00:00"
}