{
 "beached": 0.0,
 "off_maps": 0.0,
 "evaporated": 229838.05937784258,
 "natural_dispersion": 27675.905151193525,
 "sedimentation": 3605.55337817364,
 "water_content": 0.8815945318847812,
 "avg_density": 1015.3156300119227,
 "floating": 90740.9361456769,
 "amount_released": 351860.4540528854,
 "non_weathering": 0.0,
 "avg_viscosity": 0.040677939234196756,
 "time_stamp": "2017-01-12T20:00:00"
}