{
 "beached": 109614.29495734088,
 "off_maps": 0.0,
 "evaporated": 619535.9726359415,
 "natural_dispersion": 72499.94786661534,
 "sedimentation": 9515.543062198227,
 "water_content": 0.8850467190343592,
 "avg_density": 1015.911674359921,
 "floating": 109084.65977006871,
 "amount_released": 920250.4182921494,
 "non_weathering": 109614.29495734088,
 "avg_viscosity": 0.04603920249102368,
 "time_stamp": "2017-01-31T02:00:00"
}