{
 "beached": 4833.33770322846,
 "off_maps": 0.0,
 "evaporated": 298631.9041737867,
 "natural_dispersion": 35663.427877690934,
 "sedimentation": 4657.011493530437,
 "water_content": 0.8851462801082104,
 "avg_density": 1014.4114656786085,
 "floating": 109806.30991808418,
 "amount_released": 453591.9911663169,
 "non_weathering": 4833.33770322846,
 "avg_viscosity": 0.042051779937503996,
 "time_stamp": "2017-01-16T02:00:00"
}