{
 "beached": 0.0,
 "off_maps": 0.0,
 "evaporated": 171181.7201991485,
 "natural_dispersion": 20837.01270949598,
 "sedimentation": 2702.4783507273455,
 "water_content": 0.8743501722225973,
 "avg_density": 1014.4106280782229,
 "floating": 70340.77534810774,
 "amount_released": 265061.98660748056,
 "non_weathering": 0.0,
 "avg_viscosity": 0.03861443840565158,
 "time_stamp": "2017-01-10T01:00:00"
}