{
 "beached": 2030.1566408380897,
 "off_maps": 0.0,
 "evaporated": 356764.39315691,
 "natural_dispersion": 42320.99716218733,
 "sedimentation": 5535.385769481772,
 "water_content": 0.8856372091776054,
 "avg_density": 1015.7871488801401,
 "floating": 130939.5753195553,
 "amount_released": 537590.5080489668,
 "non_weathering": 2030.1566408380897,
 "avg_viscosity": 0.043330221108697234,
 "time_stamp": "2017-01-18T19:00:00"
}