{
 "beached": 0.0,
 "off_maps": 0.0,
 "evaporated": 213235.15668407438,
 "natural_dispersion": 25743.910339447655,
 "sedimentation": 3349.5925498671577,
 "water_content": 0.8779903636687214,
 "avg_density": 1014.8393062606326,
 "floating": 85265.55626895357,
 "amount_released": 327594.2158423421,
 "non_weathering": 0.0,
 "avg_viscosity": 0.04005137085003447,
 "time_stamp": "2017-01-12T01:00:00"
}