{
 "beached": 59884.19162386601,
 "off_maps": 0.0,
 "evaporated": 447945.8051687495,
 "natural_dispersion": 52861.198019942,
 "sedimentation": 6924.81681078045,
 "water_content": 0.8818769849974197,
 "avg_density": 1016.108446835502,
 "floating": 103438.8065836261,
 "amount_released": 671054.8182069549,
 "non_weathering": 59884.19162386601,
 "avg_viscosity": 0.04451648324908854,
 "time_stamp": "2017-01-23T02:00:00"
}