{
 "beached": 55494.619938228825,
 "off_maps": 0.0,
 "evaporated": 440608.6287454587,
 "natural_dispersion": 52032.341954080715,
 "sedimentation": 6817.3275863457275,
 "water_content": 0.885316086627494,
 "avg_density": 1015.3557972042636,
 "floating": 105835.41458608146,
 "amount_released": 660788.3328101865,
 "non_weathering": 55494.619938228825,
 "avg_viscosity": 0.044335543221778156,
 "time_stamp": "2017-01-22T18:00:00"
}