{
 "beached": 0.0,
 "off_maps": 0.0,
 "evaporated": 174502.8483474944,
 "natural_dispersion": 21229.782692753986,
 "sedimentation": 2755.9179742317842,
 "water_content": 0.878171735317423,
 "avg_density": 1012.7225093864133,
 "floating": 72173.3387185095,
 "amount_released": 270661.88773299055,
 "non_weathering": 0.0,
 "avg_viscosity": 0.03845893822846302,
 "time_stamp": "2017-01-10T05:00:00"
}