{
 "beached": 0.0,
 "off_maps": 0.0,
 "evaporated": 24845.894283004593,
 "natural_dispersion": 3209.1947870491595,
 "sedimentation": 389.81799492808375,
 "water_content": 0.7816091143590675,
 "avg_density": 1005.3136580224865,
 "floating": 13554.351376344139,
 "amount_released": 41999.25844132594,
 "non_weathering": 0.0,
 "avg_viscosity": 0.017481738339145982,
 "time_stamp": "2017-01-02T21:00:00"
}