{
 "beached": 63170.07910226532,
 "off_maps": 0.0,
 "evaporated": 490395.2635646288,
 "natural_dispersion": 57765.69023290204,
 "sedimentation": 7571.81839837721,
 "water_content": 0.8857790757485523,
 "avg_density": 1015.5157057978821,
 "floating": 114684.19614365385,
 "amount_released": 733587.0474418164,
 "non_weathering": 63170.07910226532,
 "avg_viscosity": 0.04481360802151657,
 "time_stamp": "2017-01-25T02:00:00"
}