{
 "beached": 67509.43592046326,
 "off_maps": 0.0,
 "evaporated": 575156.1976122521,
 "natural_dispersion": 67394.3643352298,
 "sedimentation": 8841.92315936891,
 "water_content": 0.8865790637051364,
 "avg_density": 1016.4328637194877,
 "floating": 136016.31746723253,
 "amount_released": 854918.2384945329,
 "non_weathering": 67509.43592046326,
 "avg_viscosity": 0.045859905181174915,
 "time_stamp": "2017-01-29T00:00:00"
}