{
 "beached": 3899.5055606373485,
 "off_maps": 0.0,
 "evaporated": 296049.285764487,
 "natural_dispersion": 35354.15538005955,
 "sedimentation": 4617.566432092323,
 "water_content": 0.8849940538687429,
 "avg_density": 1015.7675981902614,
 "floating": 109004.893757786,
 "amount_released": 448925.4068950586,
 "non_weathering": 3899.5055606373485,
 "avg_viscosity": 0.04231155429955344,
 "time_stamp": "2017-01-15T23:00:00"
}