{
 "beached": 0.0,
 "off_maps": 0.0,
 "evaporated": 131395.8782319094,
 "natural_dispersion": 16111.976609734393,
 "sedimentation": 2081.797698332638,
 "water_content": 0.8702148351502621,
 "avg_density": 1014.0767057342648,
 "floating": 55740.055395395,
 "amount_released": 205329.70793537222,
 "non_weathering": 0.0,
 "avg_viscosity": 0.03674368906107113,
 "time_stamp": "2017-01-08T03:00:00"
}