{
 "beached": 0.0,
 "off_maps": 0.0,
 "evaporated": 28956.454950935593,
 "natural_dispersion": 3721.183111374889,
 "sedimentation": 456.90052166180857,
 "water_content": 0.7949697794860145,
 "avg_density": 1006.5906649188338,
 "floating": 15397.937837115503,
 "amount_released": 48532.47642108775,
 "non_weathering": 0.0,
 "avg_viscosity": 0.019824627970493662,
 "time_stamp": "2017-01-03T02:00:00"
}