{
 "beached": 52076.06925396878,
 "off_maps": 0.0,
 "evaporated": 411872.5988194533,
 "natural_dispersion": 48666.53413615598,
 "sedimentation": 6371.408192173082,
 "water_content": 0.8811324241359401,
 "avg_density": 1016.0063274844645,
 "floating": 98869.14711286659,
 "amount_released": 617855.75751461,
 "non_weathering": 52076.06925396878,
 "avg_viscosity": 0.044163049686002154,
 "time_stamp": "2017-01-21T09:00:00"
}