{
 "beached": 24109.00574746804,
 "off_maps": 0.0,
 "evaporated": 394063.4632157697,
 "natural_dispersion": 46623.90006295799,
 "sedimentation": 6102.324559910881,
 "water_content": 0.8850196472873058,
 "avg_density": 1015.9821856910371,
 "floating": 120824.19200946383,
 "amount_released": 591722.8855955633,
 "non_weathering": 24109.00574746804,
 "avg_viscosity": 0.04396305965103468,
 "time_stamp": "2017-01-20T13:00:00"
}