{
 "beached": 0.0,
 "off_maps": 0.0,
 "evaporated": 188699.7258906779,
 "natural_dispersion": 22879.965981422763,
 "sedimentation": 2971.29715995352,
 "water_content": 0.8757047243322591,
 "avg_density": 1014.5758217071191,
 "floating": 76643.86949447273,
 "amount_released": 291194.8585265272,
 "non_weathering": 0.0,
 "avg_viscosity": 0.03924480989507767,
 "time_stamp": "2017-01-10T21:00:00"
}