{
 "beached": 62794.23640294782,
 "off_maps": 0.0,
 "evaporated": 566258.8981965242,
 "natural_dispersion": 66354.73893281502,
 "sedimentation": 8706.607761563506,
 "water_content": 0.8878484446080247,
 "avg_density": 1016.534298001455,
 "floating": 137737.3212411723,
 "amount_released": 841851.8025350096,
 "non_weathering": 62794.23640294782,
 "avg_viscosity": 0.04581995263519892,
 "time_stamp": "2017-01-28T14:00:00"
}