{
 "beached": 1701.5146241637515,
 "off_maps": 0.0,
 "evaporated": 291590.6747712114,
 "natural_dispersion": 34843.16347195607,
 "sedimentation": 4549.655036194081,
 "water_content": 0.885111997663431,
 "avg_density": 1014.3335878053592,
 "floating": 110640.49786602681,
 "amount_released": 443325.5057695486,
 "non_weathering": 1701.5146241637515,
 "avg_viscosity": 0.041880624078367276,
 "time_stamp": "2017-01-15T18:00:00"
}