{
 "beached": 42087.890566747315,
 "off_maps": 0.0,
 "evaporated": 534571.1592717238,
 "natural_dispersion": 62773.307240742775,
 "sedimentation": 8234.865608985721,
 "water_content": 0.8894159785147713,
 "avg_density": 1015.6927194668419,
 "floating": 149385.37084274247,
 "amount_released": 797052.5935309296,
 "non_weathering": 42087.890566747315,
 "avg_viscosity": 0.045324677095956015,
 "time_stamp": "2017-01-27T03:00:00"
}