{
 "beached": 0.0,
 "off_maps": 0.0,
 "evaporated": 173811.10564654716,
 "natural_dispersion": 21127.741585152962,
 "sedimentation": 2741.7358451285418,
 "water_content": 0.876711144603866,
 "avg_density": 1014.7722709463919,
 "floating": 71114.67094765764,
 "amount_released": 268795.2540244872,
 "non_weathering": 0.0,
 "avg_viscosity": 0.03882526014469799,
 "time_stamp": "2017-01-10T04:00:00"
}