{
 "beached": 0.0,
 "off_maps": 0.0,
 "evaporated": 151292.98112392687,
 "natural_dispersion": 18465.396144948416,
 "sedimentation": 2392.1111171035946,
 "water_content": 0.8735808050235251,
 "avg_density": 1014.4346391877409,
 "floating": 63045.35888544658,
 "amount_released": 235195.84727142644,
 "non_weathering": 0.0,
 "avg_viscosity": 0.03779422615462803,
 "time_stamp": "2017-01-09T02:00:00"
}