{
 "beached": 104682.01185125935,
 "off_maps": 0.0,
 "evaporated": 614386.5376858078,
 "natural_dispersion": 71880.12244010901,
 "sedimentation": 9435.460327660425,
 "water_content": 0.8849971001674628,
 "avg_density": 1016.6093321157246,
 "floating": 111466.43429906282,
 "amount_released": 911850.5666038845,
 "non_weathering": 104682.01185125935,
 "avg_viscosity": 0.046175177468229,
 "time_stamp": "2017-01-30T20:00:00"
}