{
 "beached": 0.0,
 "off_maps": 0.0,
 "evaporated": 161746.62287091248,
 "natural_dispersion": 19706.538456331662,
 "sedimentation": 2553.6904029373545,
 "water_content": 0.8721187303953666,
 "avg_density": 1014.1733425708296,
 "floating": 67055.38206352269,
 "amount_released": 251062.23379370524,
 "non_weathering": 0.0,
 "avg_viscosity": 0.038135077518808166,
 "time_stamp": "2017-01-09T14:00:00"
}