{
 "beached": 0.0,
 "off_maps": 0.0,
 "evaporated": 204428.6780351119,
 "natural_dispersion": 24722.03987294979,
 "sedimentation": 3214.010172702021,
 "water_content": 0.8773264095005964,
 "avg_density": 1014.7611063425047,
 "floating": 82163.05180205542,
 "amount_released": 314527.7798828188,
 "non_weathering": 0.0,
 "avg_viscosity": 0.03979305839841833,
 "time_stamp": "2017-01-11T15:00:00"
}