{
 "beached": 0.0,
 "off_maps": 0.0,
 "evaporated": 159913.23974633784,
 "natural_dispersion": 19505.276155715692,
 "sedimentation": 2527.203512062,
 "water_content": 0.8725872701419545,
 "avg_density": 1014.2151280531382,
 "floating": 66316.56381683359,
 "amount_released": 248262.28323095015,
 "non_weathering": 0.0,
 "avg_viscosity": 0.038111093886465816,
 "time_stamp": "2017-01-09T12:00:00"
}