{
 "beached": 7505.96700130416,
 "off_maps": 0.0,
 "evaporated": 371806.05734988366,
 "natural_dispersion": 44052.34688910561,
 "sedimentation": 5764.253522750387,
 "water_content": 0.8874185972271096,
 "avg_density": 1014.9386557330791,
 "floating": 130861.48778796918,
 "amount_released": 559990.1125510067,
 "non_weathering": 7505.96700130416,
 "avg_viscosity": 0.0434156722520674,
 "time_stamp": "2017-01-19T12:00:00"
}