{
 "beached": 24399.484870912667,
 "off_maps": 0.0,
 "evaporated": 522846.4397481999,
 "natural_dispersion": 61449.28345009423,
 "sedimentation": 8057.743416278237,
 "water_content": 0.8900355360355788,
 "avg_density": 1015.6310973274218,
 "floating": 163499.9386689266,
 "amount_released": 780252.8901543997,
 "non_weathering": 24399.484870912667,
 "avg_viscosity": 0.04517851089680241,
 "time_stamp": "2017-01-26T14:00:00"
}