{
 "beached": 0.0,
 "off_maps": 0.0,
 "evaporated": 272243.1424845345,
 "natural_dispersion": 32600.737333273122,
 "sedimentation": 4252.959643463,
 "water_content": 0.882194541805257,
 "avg_density": 1015.334308436456,
 "floating": 105295.84382647915,
 "amount_released": 414392.683287747,
 "non_weathering": 0.0,
 "avg_viscosity": 0.041657852849621375,
 "time_stamp": "2017-01-14T20:00:00"
}