{
 "beached": 0.0,
 "off_maps": 0.0,
 "evaporated": 173018.3916330019,
 "natural_dispersion": 21037.839089089306,
 "sedimentation": 2728.6301969204974,
 "water_content": 0.8738158318626709,
 "avg_density": 1014.3622392134534,
 "floating": 71077.0762512229,
 "amount_released": 267861.93717023556,
 "non_weathering": 0.0,
 "avg_viscosity": 0.03863500372164456,
 "time_stamp": "2017-01-10T03:00:00"
}