{
 "beached": 0.0,
 "off_maps": 0.0,
 "evaporated": 48703.74516423645,
 "natural_dispersion": 6186.222976028293,
 "sedimentation": 777.0347729841362,
 "water_content": 0.8329790487852309,
 "avg_density": 1004.0468526599019,
 "floating": 24598.24655239631,
 "amount_released": 80265.24946564522,
 "non_weathering": 0.0,
 "avg_viscosity": 0.026134694112272278,
 "time_stamp": "2017-01-04T02:00:00"
}