{
 "beached": 6092.77902673262,
 "off_maps": 0.0,
 "evaporated": 308600.39652626385,
 "natural_dispersion": 36795.49062816098,
 "sedimentation": 4806.6202292957505,
 "water_content": 0.8831138295318947,
 "avg_density": 1015.5523953078597,
 "floating": 111296.45756964288,
 "amount_released": 467591.7439800919,
 "non_weathering": 6092.77902673262,
 "avg_viscosity": 0.0424319092357699,
 "time_stamp": "2017-01-16T13:00:00"
}