{
 "beached": 0.0,
 "off_maps": 0.0,
 "evaporated": 267794.12456299685,
 "natural_dispersion": 32089.934224488698,
 "sedimentation": 4185.212497528489,
 "water_content": 0.882027435030025,
 "avg_density": 1015.3125875260993,
 "floating": 103790.19402297384,
 "amount_released": 407859.4653079853,
 "non_weathering": 0.0,
 "avg_viscosity": 0.04156246548463592,
 "time_stamp": "2017-01-14T15:00:00"
}