{
 "beached": 76041.45566691972,
 "off_maps": 0.0,
 "evaporated": 589442.7252899789,
 "natural_dispersion": 69016.47428166018,
 "sedimentation": 9056.76005611504,
 "water_content": 0.8873973866638798,
 "avg_density": 1016.5778432775223,
 "floating": 131893.79399340978,
 "amount_released": 875451.2092880695,
 "non_weathering": 76041.45566691972,
 "avg_viscosity": 0.04601913880663668,
 "time_stamp": "2017-01-29T16:00:00"
}