{
 "beached": 0.0,
 "off_maps": 0.0,
 "evaporated": 241253.12898551818,
 "natural_dispersion": 29006.861053393273,
 "sedimentation": 3780.4692468501426,
 "water_content": 0.8823811898045124,
 "avg_density": 1015.4054391813692,
 "floating": 94619.69814365543,
 "amount_released": 368660.1574294154,
 "non_weathering": 0.0,
 "avg_viscosity": 0.041004625377740286,
 "time_stamp": "2017-01-13T09:00:00"
}