{
 "beached": 2034.515966195204,
 "off_maps": 0.0,
 "evaporated": 292651.42245010677,
 "natural_dispersion": 34953.61616436394,
 "sedimentation": 4563.735842269247,
 "water_content": 0.8829244465481034,
 "avg_density": 1015.46078448766,
 "floating": 110055.53220086863,
 "amount_released": 444258.82262380025,
 "non_weathering": 2034.515966195204,
 "avg_viscosity": 0.0421036837877923,
 "time_stamp": "2017-01-15T19:00:00"
}