{
 "beached": 82735.68465725315,
 "off_maps": 0.0,
 "evaporated": 598407.9648326715,
 "natural_dispersion": 70038.30546067496,
 "sedimentation": 9192.532983587012,
 "water_content": 0.8869422426194007,
 "avg_density": 1016.5860802423392,
 "floating": 128143.15731342055,
 "amount_released": 888517.6452475928,
 "non_weathering": 82735.68465725315,
 "avg_viscosity": 0.04607258036122651,
 "time_stamp": "2017-01-30T02:00:00"
}