{
 "beached": 51961.67470760719,
 "off_maps": 0.0,
 "evaporated": 557969.2232259874,
 "natural_dispersion": 65434.94584077434,
 "sedimentation": 8585.019719061649,
 "water_content": 0.8892868528176894,
 "avg_density": 1015.7706383357995,
 "floating": 146701.1367905721,
 "amount_released": 830652.0002839896,
 "non_weathering": 51961.67470760719,
 "avg_viscosity": 0.045588627436079075,
 "time_stamp": "2017-01-28T05:00:00"
}