{
 "beached": 0.0,
 "off_maps": 0.0,
 "evaporated": 117629.87021794885,
 "natural_dispersion": 14489.375845090866,
 "sedimentation": 1867.5102916952608,
 "water_content": 0.8642039908679042,
 "avg_density": 1013.290593471625,
 "floating": 50809.980787099266,
 "amount_released": 184796.73714183495,
 "non_weathering": 0.0,
 "avg_viscosity": 0.03570899766849245,
 "time_stamp": "2017-01-07T11:00:00"
}