{
 "beached": 23458.70357453124,
 "off_maps": 0.0,
 "evaporated": 387818.10585289175,
 "natural_dispersion": 45894.163672472416,
 "sedimentation": 6007.184139109414,
 "water_content": 0.8862925918095476,
 "avg_density": 1015.0338439370341,
 "floating": 120144.87666830045,
 "amount_released": 583323.0339072983,
 "non_weathering": 23458.70357453124,
 "avg_viscosity": 0.04366402032109838,
 "time_stamp": "2017-01-20T06:00:00"
}