{
 "beached": 5776.497811929078,
 "off_maps": 0.0,
 "evaporated": 341462.597415125,
 "natural_dispersion": 40569.16208127818,
 "sedimentation": 5305.639965154098,
 "water_content": 0.8862974128871313,
 "avg_density": 1015.9443843143047,
 "floating": 122077.00627344564,
 "amount_released": 515190.9035469268,
 "non_weathering": 5776.497811929078,
 "avg_viscosity": 0.043152570686557076,
 "time_stamp": "2017-01-18T02:00:00"
}