{
 "beached": 69704.7418674712,
 "off_maps": 0.0,
 "evaporated": 579649.4566823554,
 "natural_dispersion": 67905.30245900046,
 "sedimentation": 8909.833816283124,
 "water_content": 0.8864664295550665,
 "avg_density": 1016.4383255090936,
 "floating": 135282.12164919812,
 "amount_released": 861451.4564742945,
 "non_weathering": 69704.7418674712,
 "avg_viscosity": 0.04589046372559915,
 "time_stamp": "2017-01-29T05:00:00"
}