{
 "beached": 0.0,
 "off_maps": 0.0,
 "evaporated": 134947.2519226128,
 "natural_dispersion": 16533.089570635555,
 "sedimentation": 2136.4195963681564,
 "water_content": 0.8673534662565933,
 "avg_density": 1013.6459763598696,
 "floating": 57312.847971265044,
 "amount_released": 210929.6090608824,
 "non_weathering": 0.0,
 "avg_viscosity": 0.036744144983720625,
 "time_stamp": "2017-01-08T07:00:00"
}