{
 "beached": 0.0,
 "off_maps": 0.0,
 "evaporated": 256324.7779618153,
 "natural_dispersion": 30758.821930251008,
 "sedimentation": 4010.108126328062,
 "water_content": 0.8812501152034693,
 "avg_density": 1015.2210298019879,
 "floating": 99966.05391306317,
 "amount_released": 391059.76193145534,
 "non_weathering": 0.0,
 "avg_viscosity": 0.041272178910474,
 "time_stamp": "2017-01-14T02:00:00"
}