{
 "beached": 5603.353958037517,
 "off_maps": 0.0,
 "evaporated": 362809.19489079306,
 "natural_dispersion": 43030.77842929673,
 "sedimentation": 5628.688603365041,
 "water_content": 0.8874458946365441,
 "avg_density": 1014.8938692192253,
 "floating": 129851.66070999701,
 "amount_released": 546923.6765914834,
 "non_weathering": 5603.353958037517,
 "avg_viscosity": 0.04327911649175527,
 "time_stamp": "2017-01-19T02:00:00"
}