{
 "beached": 20722.956875902906,
 "off_maps": 0.0,
 "evaporated": 382539.05121015717,
 "natural_dispersion": 45292.420528264614,
 "sedimentation": 5926.828159248846,
 "water_content": 0.8848507359838256,
 "avg_density": 1015.9305970380339,
 "floating": 120441.92544546648,
 "amount_released": 574923.1822190334,
 "non_weathering": 20722.956875902906,
 "avg_viscosity": 0.043791326789856366,
 "time_stamp": "2017-01-20T00:00:00"
}