{
 "beached": 3718.9545427685557,
 "off_maps": 0.0,
 "evaporated": 321641.3549881523,
 "natural_dispersion": 38318.42599749437,
 "sedimentation": 5009.034281900496,
 "water_content": 0.8866767027143709,
 "avg_density": 1014.6405371371566,
 "floating": 118503.62810906574,
 "amount_released": 487191.39791937685,
 "non_weathering": 3718.9545427685557,
 "avg_viscosity": 0.04253917319572081,
 "time_stamp": "2017-01-17T04:00:00"
}