{
 "beached": 38103.91265283979,
 "off_maps": 0.0,
 "evaporated": 405677.8215305974,
 "natural_dispersion": 47936.42276011083,
 "sedimentation": 6277.384891047722,
 "water_content": 0.8848679578924459,
 "avg_density": 1016.1711896956326,
 "floating": 110527.04713750507,
 "amount_released": 608522.5889720933,
 "non_weathering": 38103.91265283979,
 "avg_viscosity": 0.04415913938148819,
 "time_stamp": "2017-01-21T02:00:00"
}