{
 "beached": 0.0,
 "off_maps": 0.0,
 "evaporated": 182567.45264609414,
 "natural_dispersion": 22149.762813484238,
 "sedimentation": 2877.34621186956,
 "water_content": 0.8775425517083861,
 "avg_density": 1014.8637318904191,
 "floating": 74267.12831256207,
 "amount_released": 281861.68998401053,
 "non_weathering": 0.0,
 "avg_viscosity": 0.039137006335024704,
 "time_stamp": "2017-01-10T14:00:00"
}