{
 "beached": 16843.302331019986,
 "off_maps": 0.0,
 "evaporated": 522008.1714445521,
 "natural_dispersion": 61358.78192865257,
 "sedimentation": 8045.503546535017,
 "water_content": 0.8893490520461913,
 "avg_density": 1016.329586878066,
 "floating": 170130.4971951486,
 "amount_released": 778386.2564458963,
 "non_weathering": 16843.302331019986,
 "avg_viscosity": 0.045321209917797506,
 "time_stamp": "2017-01-26T13:00:00"
}