{
 "beached": 24109.263401973018,
 "off_maps": 0.0,
 "evaporated": 391471.1467988829,
 "natural_dispersion": 46314.35247635646,
 "sedimentation": 6062.647125905679,
 "water_content": 0.8847323752530003,
 "avg_density": 1015.9574295494789,
 "floating": 120032.20837544561,
 "amount_released": 587989.6181785567,
 "non_weathering": 24109.263401973018,
 "avg_viscosity": 0.043901458161594326,
 "time_stamp": "2017-01-20T10:00:00"
}