{
 "beached": 58290.7236919197,
 "off_maps": 0.0,
 "evaporated": 484409.7773393105,
 "natural_dispersion": 57055.8924972774,
 "sedimentation": 7478.533509815712,
 "water_content": 0.8839328232651158,
 "avg_density": 1016.2023747458204,
 "floating": 117018.95186098706,
 "amount_released": 724253.8788992998,
 "non_weathering": 58290.7236919197,
 "avg_viscosity": 0.04488098063427322,
 "time_stamp": "2017-01-24T19:00:00"
}