{
 "beached": 0.0,
 "off_maps": 0.0,
 "evaporated": 221703.84029011158,
 "natural_dispersion": 26755.995567952472,
 "sedimentation": 3484.0638153558502,
 "water_content": 0.8822579992903414,
 "avg_density": 1013.5831687759521,
 "floating": 88716.75212844647,
 "amount_released": 340660.65180186543,
 "non_weathering": 0.0,
 "avg_viscosity": 0.04013412683311214,
 "time_stamp": "2017-01-12T11:00:00"
}