{
 "beached": 1372.5677551560711,
 "off_maps": 0.0,
 "evaporated": 284544.3212178449,
 "natural_dispersion": 34021.719001251804,
 "sedimentation": 4441.196822799459,
 "water_content": 0.8845877198400955,
 "avg_density": 1015.68519916417,
 "floating": 107745.89872147956,
 "amount_released": 432125.7035185286,
 "non_weathering": 1372.5677551560711,
 "avg_viscosity": 0.04205836204450854,
 "time_stamp": "2017-01-15T10:00:00"
}