{
 "beached": 1258.2790183543643,
 "off_maps": 0.0,
 "evaporated": 350352.40213572985,
 "natural_dispersion": 41608.814399262206,
 "sedimentation": 5440.934417530398,
 "water_content": 0.8859186343989532,
 "avg_density": 1015.7995773469913,
 "floating": 129596.90953557871,
 "amount_released": 528257.3395064501,
 "non_weathering": 1258.2790183543643,
 "avg_viscosity": 0.04325877317772188,
 "time_stamp": "2017-01-18T12:00:00"
}