{
 "beached": 0.0,
 "off_maps": 0.0,
 "evaporated": 147627.3046340751,
 "natural_dispersion": 18056.397307992964,
 "sedimentation": 2338.5121671788215,
 "water_content": 0.8746739099067388,
 "avg_density": 1012.0097188808401,
 "floating": 62507.04889092015,
 "amount_released": 230529.26300016796,
 "non_weathering": 0.0,
 "avg_viscosity": 0.03719100604339226,
 "time_stamp": "2017-01-08T22:00:00"
}