{
 "beached": 43150.90658303349,
 "off_maps": 0.0,
 "evaporated": 509104.2781977433,
 "natural_dispersion": 59909.706271124516,
 "sedimentation": 7856.02055911775,
 "water_content": 0.8888240419161877,
 "avg_density": 1015.6110780416323,
 "floating": 140632.32460410707,
 "amount_released": 760653.2362151147,
 "non_weathering": 43150.90658303349,
 "avg_viscosity": 0.045025240743693365,
 "time_stamp": "2017-01-25T23:00:00"
}