{
 "beached": 0.0,
 "off_maps": 0.0,
 "evaporated": 41322.23648822565,
 "natural_dispersion": 5274.119166017266,
 "sedimentation": 658.1151247429708,
 "water_content": 0.8142574857622445,
 "avg_density": 1008.0283421084897,
 "floating": 20877.65958138735,
 "amount_released": 68132.1303603732,
 "non_weathering": 0.0,
 "avg_viscosity": 0.024658010655554848,
 "time_stamp": "2017-01-03T17:00:00"
}