{
 "beached": 68914.44608414742,
 "off_maps": 0.0,
 "evaporated": 577041.771582856,
 "natural_dispersion": 67595.57863774893,
 "sedimentation": 8868.451237486011,
 "water_content": 0.886127186832872,
 "avg_density": 1016.4118670623534,
 "floating": 135297.94151506328,
 "amount_released": 857718.1890572879,
 "non_weathering": 68914.44608414742,
 "avg_viscosity": 0.045852451410298325,
 "time_stamp": "2017-01-29T02:00:00"
}