{
 "beached": 22417.517012921737,
 "off_maps": 0.0,
 "evaporated": 385936.4290554306,
 "natural_dispersion": 45685.692209054454,
 "sedimentation": 5980.779652392984,
 "water_content": 0.886896915014435,
 "avg_density": 1015.0656334057378,
 "floating": 120502.66541475042,
 "amount_released": 580523.0833445434,
 "non_weathering": 22417.517012921737,
 "avg_viscosity": 0.043671273791525515,
 "time_stamp": "2017-01-20T04:00:00"
}