{
 "beached": 2720.369465380748,
 "off_maps": 0.0,
 "evaporated": 323530.26847641316,
 "natural_dispersion": 38526.89925161035,
 "sedimentation": 5035.438017631245,
 "water_content": 0.8862980624975161,
 "avg_density": 1014.6056812877661,
 "floating": 120178.37327110098,
 "amount_released": 489991.34848213184,
 "non_weathering": 2720.369465380748,
 "avg_viscosity": 0.04253616620938254,
 "time_stamp": "2017-01-17T06:00:00"
}