{
 "beached": 5465.938015390229,
 "off_maps": 0.0,
 "evaporated": 306728.77459127177,
 "natural_dispersion": 36594.245346276344,
 "sedimentation": 4780.083188148465,
 "water_content": 0.8835532020081226,
 "avg_density": 1015.5830307675932,
 "floating": 111222.75227625419,
 "amount_released": 464791.7934173369,
 "non_weathering": 5465.938015390229,
 "avg_viscosity": 0.04243273047031467,
 "time_stamp": "2017-01-16T11:00:00"
}