{
 "beached": 0.0,
 "off_maps": 0.0,
 "evaporated": 101161.84787071664,
 "natural_dispersion": 12529.107350901724,
 "sedimentation": 1611.2978239313863,
 "water_content": 0.8649264335173278,
 "avg_density": 1010.0376495259846,
 "floating": 45228.2458857406,
 "amount_released": 160530.4989312909,
 "non_weathering": 0.0,
 "avg_viscosity": 0.034029169765310105,
 "time_stamp": "2017-01-06T16:00:00"
}