{
 "beached": 1516.4337013136815,
 "off_maps": 0.0,
 "evaporated": 290778.40828660596,
 "natural_dispersion": 34752.36999497612,
 "sedimentation": 4537.199381338334,
 "water_content": 0.8833525310487795,
 "avg_density": 1015.492309276279,
 "floating": 109874.46069681465,
 "amount_released": 441458.87206104526,
 "non_weathering": 1516.4337013136815,
 "avg_viscosity": 0.042102962476499445,
 "time_stamp": "2017-01-15T17:00:00"
}