{
 "beached": 0.0,
 "off_maps": 0.0,
 "evaporated": 179931.15149157468,
 "natural_dispersion": 21858.492114499106,
 "sedimentation": 2837.6513646366056,
 "water_content": 0.8751738073518768,
 "avg_density": 1014.506955810897,
 "floating": 73501.12759629285,
 "amount_released": 278128.4225670039,
 "non_weathering": 0.0,
 "avg_viscosity": 0.03893976019786462,
 "time_stamp": "2017-01-10T11:00:00"
}