{
 "beached": 5119.417080583679,
 "off_maps": 0.0,
 "evaporated": 301206.5110480649,
 "natural_dispersion": 35965.62423789971,
 "sedimentation": 4698.272280844948,
 "water_content": 0.8857448004231709,
 "avg_density": 1014.478609884782,
 "floating": 110335.43393593421,
 "amount_released": 457325.25858332356,
 "non_weathering": 5119.417080583679,
 "avg_viscosity": 0.04213881785543556,
 "time_stamp": "2017-01-16T05:00:00"
}