{
 "beached": 0.0,
 "off_maps": 0.0,
 "evaporated": 89413.07687664109,
 "natural_dispersion": 11095.503868881528,
 "sedimentation": 1422.6391350854694,
 "water_content": 0.8585069717758663,
 "avg_density": 1012.8592770764965,
 "floating": 39932.94196564851,
 "amount_released": 141864.16184625702,
 "non_weathering": 0.0,
 "avg_viscosity": 0.03344734623207232,
 "time_stamp": "2017-01-06T02:00:00"
}