{
 "beached": 0.0,
 "off_maps": 0.0,
 "evaporated": 51132.0212608588,
 "natural_dispersion": 6488.72306316506,
 "sedimentation": 818.051463119332,
 "water_content": 0.8378565442338444,
 "avg_density": 1004.7274866181732,
 "floating": 25559.721095508754,
 "amount_released": 83998.516882652,
 "non_weathering": 0.0,
 "avg_viscosity": 0.026851337028936845,
 "time_stamp": "2017-01-04T05:00:00"
}