{
 "beached": 1842.1093175273256,
 "off_maps": 0.0,
 "evaporated": 349274.5041560163,
 "natural_dispersion": 41491.16117539802,
 "sedimentation": 5427.008078515187,
 "water_content": 0.8878418033203874,
 "avg_density": 1014.8440828039423,
 "floating": 129289.23992474703,
 "amount_released": 527324.0226521984,
 "non_weathering": 1842.1093175273256,
 "avg_viscosity": 0.04306609409179703,
 "time_stamp": "2017-01-18T11:00:00"
}