{
 "beached": 0.0,
 "off_maps": 0.0,
 "evaporated": 265927.30037629895,
 "natural_dispersion": 31889.13585650781,
 "sedimentation": 4159.0363138150615,
 "water_content": 0.8824551197936069,
 "avg_density": 1015.3519182823818,
 "floating": 103084.04219861105,
 "amount_released": 405059.5147452303,
 "non_weathering": 0.0,
 "avg_viscosity": 0.04155845022415943,
 "time_stamp": "2017-01-14T13:00:00"
}