{
 "beached": 5344.5906728186155,
 "off_maps": 0.0,
 "evaporated": 333214.14262240694,
 "natural_dispersion": 39649.33439233677,
 "sedimentation": 5184.079811931823,
 "water_content": 0.8869611510763733,
 "avg_density": 1014.7321053553027,
 "floating": 120598.95379641761,
 "amount_released": 503991.1012959068,
 "non_weathering": 5344.5906728186155,
 "avg_viscosity": 0.04277185776633197,
 "time_stamp": "2017-01-17T17:00:00"
}