{
 "beached": 23426.62553662688,
 "off_maps": 0.0,
 "evaporated": 387005.02973644127,
 "natural_dispersion": 45803.37295736414,
 "sedimentation": 5994.726354581799,
 "water_content": 0.8846514788676922,
 "avg_density": 1015.943230164547,
 "floating": 119226.64561378778,
 "amount_released": 581456.400198795,
 "non_weathering": 23426.62553662688,
 "avg_viscosity": 0.04384804948005361,
 "time_stamp": "2017-01-20T05:00:00"
}