{
 "beached": 4442.128462424931,
 "off_maps": 0.0,
 "evaporated": 319050.1334062597,
 "natural_dispersion": 38015.9272149698,
 "sedimentation": 4967.53112009382,
 "water_content": 0.8859625300117546,
 "avg_density": 1014.5741924308076,
 "floating": 116982.41029862646,
 "amount_released": 483458.1305023702,
 "non_weathering": 4442.128462424931,
 "avg_viscosity": 0.042457600265359954,
 "time_stamp": "2017-01-17T01:00:00"
}