{
 "beached": 5947.313138718984,
 "off_maps": 0.0,
 "evaporated": 312708.42118476395,
 "natural_dispersion": 37297.536304029156,
 "sedimentation": 4874.094805672775,
 "water_content": 0.8862863210196205,
 "avg_density": 1014.5900796509313,
 "floating": 113297.59652667299,
 "amount_released": 474124.96195985354,
 "non_weathering": 5947.313138718984,
 "avg_viscosity": 0.04238028651663437,
 "time_stamp": "2017-01-16T18:00:00"
}