{
 "beached": 0.0,
 "off_maps": 0.0,
 "evaporated": 43840.70456418427,
 "natural_dispersion": 5565.719679583305,
 "sedimentation": 697.5411827561365,
 "water_content": 0.8247925607379848,
 "avg_density": 1009.4843992221176,
 "floating": 21761.43235085629,
 "amount_released": 71865.39777737997,
 "non_weathering": 0.0,
 "avg_viscosity": 0.025639486619831123,
 "time_stamp": "2017-01-03T20:00:00"
}