{
 "beached": 109067.31608946761,
 "off_maps": 0.0,
 "evaporated": 617667.6918172054,
 "natural_dispersion": 72292.18429320434,
 "sedimentation": 9489.740331336003,
 "water_content": 0.8857325474473876,
 "avg_density": 1015.9392822791993,
 "floating": 108933.53519819623,
 "amount_released": 917450.4677293944,
 "non_weathering": 109067.31608946761,
 "avg_viscosity": 0.04605195771034504,
 "time_stamp": "2017-01-31T00:00:00"
}