{
 "beached": 72996.50498548558,
 "off_maps": 0.0,
 "evaporated": 583067.4470449791,
 "natural_dispersion": 68298.58891776386,
 "sedimentation": 8963.81690752619,
 "water_content": 0.8881728599555562,
 "avg_density": 1015.8374120578114,
 "floating": 133724.99974406368,
 "amount_released": 867051.3575998045,
 "non_weathering": 72996.50498548558,
 "avg_viscosity": 0.04579325005185708,
 "time_stamp": "2017-01-29T09:00:00"
}