{
 "beached": 0.0,
 "off_maps": 0.0,
 "evaporated": 268601.9090887987,
 "natural_dispersion": 32179.82274382004,
 "sedimentation": 4198.329302862837,
 "water_content": 0.8840070724450757,
 "avg_density": 1015.5935613642663,
 "floating": 103812.72102675801,
 "amount_released": 408792.782162237,
 "non_weathering": 0.0,
 "avg_viscosity": 0.04169739652384982,
 "time_stamp": "2017-01-14T16:00:00"
}