{
 "beached": 110160.65980674911,
 "off_maps": 0.0,
 "evaporated": 622100.0187223514,
 "natural_dispersion": 72802.14421656774,
 "sedimentation": 9556.803270997083,
 "water_content": 0.8856172265518769,
 "avg_density": 1015.9414166091467,
 "floating": 109364.05969250608,
 "amount_released": 923983.6857091561,
 "non_weathering": 110160.65980674911,
 "avg_viscosity": 0.046071030126665684,
 "time_stamp": "2017-01-31T05:00:00"
}