{
 "beached": 0.0,
 "off_maps": 0.0,
 "evaporated": 127747.51682091848,
 "natural_dispersion": 15703.001960964066,
 "sedimentation": 2028.2645969314285,
 "water_content": 0.8714101554156977,
 "avg_density": 1011.3318921913766,
 "floating": 55184.34028529898,
 "amount_released": 200663.12366411375,
 "non_weathering": 0.0,
 "avg_viscosity": 0.036057260839006414,
 "time_stamp": "2017-01-07T23:00:00"
}