{
 "beached": 0.0,
 "off_maps": 0.0,
 "evaporated": 191242.9068422187,
 "natural_dispersion": 23189.57189068388,
 "sedimentation": 3012.500955970069,
 "water_content": 0.8765106408728471,
 "avg_density": 1014.658518563404,
 "floating": 77483.14625466098,
 "amount_released": 294928.12594353384,
 "non_weathering": 0.0,
 "avg_viscosity": 0.039377493850859785,
 "time_stamp": "2017-01-11T00:00:00"
}