{
 "beached": 4853.690498201834,
 "off_maps": 0.0,
 "evaporated": 359379.4788708985,
 "natural_dispersion": 42630.72956140043,
 "sedimentation": 5576.771800964065,
 "water_content": 0.8857760296153318,
 "avg_density": 1015.8323183742871,
 "floating": 128883.10473451442,
 "amount_released": 541323.7754659734,
 "non_weathering": 4853.690498201834,
 "avg_viscosity": 0.04339881534844914,
 "time_stamp": "2017-01-18T22:00:00"
}