{
 "beached": 0.0,
 "off_maps": 0.0,
 "evaporated": 259709.86150006804,
 "natural_dispersion": 31159.36640303366,
 "sedimentation": 4063.9234868142494,
 "water_content": 0.8838028366732065,
 "avg_density": 1014.0056423313002,
 "floating": 101726.51166705172,
 "amount_released": 396659.66305696534,
 "non_weathering": 0.0,
 "avg_viscosity": 0.041127208483927494,
 "time_stamp": "2017-01-14T06:00:00"
}