{
 "beached": 53823.080376366976,
 "off_maps": 0.0,
 "evaporated": 482533.36201328924,
 "natural_dispersion": 56854.65332779476,
 "sedimentation": 7451.992478471237,
 "water_content": 0.8848477718511314,
 "avg_density": 1016.2252837812913,
 "floating": 120790.84014063307,
 "amount_released": 721453.9283365448,
 "non_weathering": 53823.080376366976,
 "avg_viscosity": 0.044889266733044435,
 "time_stamp": "2017-01-24T17:00:00"
}