{
 "beached": 62190.31820297771,
 "off_maps": 0.0,
 "evaporated": 489585.02584991796,
 "natural_dispersion": 57675.18035576957,
 "sedimentation": 7559.586804026149,
 "water_content": 0.8842234395668744,
 "avg_density": 1016.2537014426657,
 "floating": 114710.30252063245,
 "amount_released": 731720.4137333131,
 "non_weathering": 62190.31820297771,
 "avg_viscosity": 0.044968178078946874,
 "time_stamp": "2017-01-25T01:00:00"
}