{
 "beached": 0.0,
 "off_maps": 0.0,
 "evaporated": 157386.48623387038,
 "natural_dispersion": 19195.649770087268,
 "sedimentation": 2486.017329629344,
 "water_content": 0.8715872600896053,
 "avg_density": 1014.1127569623442,
 "floating": 65460.86248035537,
 "amount_released": 244529.01581394338,
 "non_weathering": 0.0,
 "avg_viscosity": 0.03794837288179491,
 "time_stamp": "2017-01-09T09:00:00"
}