{
 "beached": 53801.26991236087,
 "off_maps": 0.0,
 "evaporated": 468312.34271191177,
 "natural_dispersion": 55214.07050151744,
 "sedimentation": 7235.598602158334,
 "water_content": 0.8838469394304131,
 "avg_density": 1016.1605011388576,
 "floating": 116357.67581506961,
 "amount_released": 700920.9575430081,
 "non_weathering": 53801.26991236087,
 "avg_viscosity": 0.04470712081272363,
 "time_stamp": "2017-01-24T01:00:00"
}