{
 "beached": 0.0,
 "off_maps": 0.0,
 "evaporated": 233106.4769848573,
 "natural_dispersion": 28087.993236169856,
 "sedimentation": 3659.8127044625253,
 "water_content": 0.8832109102325855,
 "avg_density": 1013.7633268783324,
 "floating": 92606.07225290706,
 "amount_released": 357460.3551783954,
 "non_weathering": 0.0,
 "avg_viscosity": 0.040480593003857944,
 "time_stamp": "2017-01-13T00:00:00"
}