{
 "beached": 37965.57586428011,
 "off_maps": 0.0,
 "evaporated": 525485.0544732161,
 "natural_dispersion": 61751.451906260205,
 "sedimentation": 8099.02666214221,
 "water_content": 0.889568999501011,
 "avg_density": 1015.6676267581522,
 "floating": 150685.04866551975,
 "amount_released": 783986.1575714063,
 "non_weathering": 37965.57586428011,
 "avg_viscosity": 0.04523252818173005,
 "time_stamp": "2017-01-26T17:00:00"
}