{
 "beached": 0.0,
 "off_maps": 0.0,
 "evaporated": 214035.4006473895,
 "natural_dispersion": 25833.901639150372,
 "sedimentation": 3362.7793096632176,
 "water_content": 0.8804271597722029,
 "avg_density": 1015.183644910792,
 "floating": 85295.45110039135,
 "amount_released": 328527.5326965938,
 "non_weathering": 0.0,
 "avg_viscosity": 0.04021136741863263,
 "time_stamp": "2017-01-12T02:00:00"
}