{
 "beached": 0.0,
 "off_maps": 0.0,
 "evaporated": 186857.65463110933,
 "natural_dispersion": 22679.146106393375,
 "sedimentation": 2945.1396913890762,
 "water_content": 0.8762195944934591,
 "avg_density": 1014.6226548841466,
 "floating": 75912.96753488007,
 "amount_released": 288394.9079637722,
 "non_weathering": 0.0,
 "avg_viscosity": 0.0392290273677139,
 "time_stamp": "2017-01-10T19:00:00"
}