{
 "beached": 0.0,
 "off_maps": 0.0,
 "evaporated": 234970.67621861355,
 "natural_dispersion": 28295.768602487937,
 "sedimentation": 3685.6057622955564,
 "water_content": 0.8825106546203071,
 "avg_density": 1013.714628943289,
 "floating": 93308.25515775477,
 "amount_released": 360260.3057411504,
 "non_weathering": 0.0,
 "avg_viscosity": 0.04048471101392893,
 "time_stamp": "2017-01-13T02:00:00"
}