{
 "beached": 5465.419093869423,
 "off_maps": 0.0,
 "evaporated": 335101.1154241546,
 "natural_dispersion": 39857.76535828433,
 "sedimentation": 5210.4509879943325,
 "water_content": 0.8864462412003661,
 "avg_density": 1014.6964628721544,
 "floating": 121156.30099436414,
 "amount_released": 506791.0518586618,
 "non_weathering": 5465.419093869423,
 "avg_viscosity": 0.04276885162893439,
 "time_stamp": "2017-01-17T19:00:00"
}