{
 "beached": 0.0,
 "off_maps": 0.0,
 "evaporated": 189495.13800938826,
 "natural_dispersion": 22969.86523805182,
 "sedimentation": 2984.405379863528,
 "water_content": 0.8783887520645213,
 "avg_density": 1014.9560934019519,
 "floating": 76678.76675347499,
 "amount_released": 292128.17538077885,
 "non_weathering": 0.0,
 "avg_viscosity": 0.039422338047753976,
 "time_stamp": "2017-01-10T22:00:00"
}