{
 "beached": 3437.7774165859537,
 "off_maps": 0.0,
 "evaporated": 330623.4371319456,
 "natural_dispersion": 39347.146096281154,
 "sedimentation": 5142.8122701794755,
 "water_content": 0.8866034162920746,
 "avg_density": 1014.6721376610556,
 "floating": 121706.66096391277,
 "amount_released": 500257.83387890016,
 "non_weathering": 3437.7774165859537,
 "avg_viscosity": 0.04269224874551382,
 "time_stamp": "2017-01-17T14:00:00"
}