{
 "beached": 109929.77644961694,
 "off_maps": 0.0,
 "evaporated": 618729.5679496606,
 "natural_dispersion": 72409.43667586357,
 "sedimentation": 9503.312834315522,
 "water_content": 0.8832181251439717,
 "avg_density": 1016.5130144898437,
 "floating": 107811.69067420461,
 "amount_released": 918383.7845836461,
 "non_weathering": 109929.77644961694,
 "avg_viscosity": 0.04617044035012498,
 "time_stamp": "2017-01-31T01:00:00"
}