{
 "beached": 0.0,
 "off_maps": 0.0,
 "evaporated": 142593.24010599966,
 "natural_dispersion": 17443.296786648363,
 "sedimentation": 2256.5678924647405,
 "water_content": 0.8723626130930161,
 "avg_density": 1014.3041727701286,
 "floating": 59836.30652678906,
 "amount_released": 222129.41131190272,
 "non_weathering": 0.0,
 "avg_viscosity": 0.03738725252832501,
 "time_stamp": "2017-01-08T16:00:00"
}