{
 "beached": 0.0,
 "off_maps": 0.0,
 "evaporated": 184314.44329533656,
 "natural_dispersion": 22369.551951948073,
 "sedimentation": 2905.5038842214,
 "water_content": 0.8756542564891958,
 "avg_density": 1014.5615486618567,
 "floating": 75072.14141525904,
 "amount_released": 284661.6405467655,
 "non_weathering": 0.0,
 "avg_viscosity": 0.0390900923510344,
 "time_stamp": "2017-01-10T16:00:00"
}