{
 "beached": 31773.497295464684,
 "off_maps": 0.0,
 "evaporated": 505640.7826017055,
 "natural_dispersion": 59517.022399891364,
 "sedimentation": 7802.50580073911,
 "water_content": 0.8879537860594751,
 "avg_density": 1016.2906615778415,
 "floating": 150319.5269918153,
 "amount_released": 755053.3350896047,
 "non_weathering": 31773.497295464684,
 "avg_viscosity": 0.04512116340698562,
 "time_stamp": "2017-01-25T19:00:00"
}