{
 "beached": 2226.1301106791316,
 "off_maps": 0.0,
 "evaporated": 324596.37317611754,
 "natural_dispersion": 38637.35010284382,
 "sedimentation": 5049.520594460361,
 "water_content": 0.8843882884576973,
 "avg_density": 1015.6364334410939,
 "floating": 120415.29135228733,
 "amount_released": 490924.6653363835,
 "non_weathering": 2226.1301106791316,
 "avg_viscosity": 0.04274264203526866,
 "time_stamp": "2017-01-17T07:00:00"
}