{
 "beached": 0.0,
 "off_maps": 0.0,
 "evaporated": 190189.5583060833,
 "natural_dispersion": 23071.903329294906,
 "sedimentation": 2998.589993603415,
 "water_content": 0.8797403270400638,
 "avg_density": 1013.0505311617991,
 "floating": 77734.75746030034,
 "amount_released": 293994.8090892822,
 "non_weathering": 0.0,
 "avg_viscosity": 0.039075358093271936,
 "time_stamp": "2017-01-10T23:00:00"
}