{
 "beached": 0.0,
 "off_maps": 0.0,
 "evaporated": 222762.2879346421,
 "natural_dispersion": 26873.65914805781,
 "sedimentation": 3497.9796178985935,
 "water_content": 0.8794078730542538,
 "avg_density": 1014.9930112305192,
 "floating": 88460.04195551955,
 "amount_released": 341593.9686561171,
 "non_weathering": 0.0,
 "avg_viscosity": 0.04040362111965873,
 "time_stamp": "2017-01-12T12:00:00"
}