{
 "beached": 0.0,
 "off_maps": 0.0,
 "evaporated": 133123.30702767515,
 "natural_dispersion": 16331.790332972896,
 "sedimentation": 2109.928887904653,
 "water_content": 0.8678108859942153,
 "avg_density": 1013.6856971844811,
 "floating": 56564.632249573784,
 "amount_released": 208129.6584981273,
 "non_weathering": 0.0,
 "avg_viscosity": 0.03670633927303772,
 "time_stamp": "2017-01-08T05:00:00"
}