{
 "beached": 190.00324483268707,
 "off_maps": 0.0,
 "evaporated": 274826.05350892094,
 "natural_dispersion": 32910.48112657824,
 "sedimentation": 4294.325583988823,
 "water_content": 0.8827316346549925,
 "avg_density": 1015.3928124166798,
 "floating": 105905.08724043577,
 "amount_released": 418125.95070475363,
 "non_weathering": 190.00324483268707,
 "avg_viscosity": 0.04174757904949136,
 "time_stamp": "2017-01-14T23:00:00"
}