{
 "beached": 0.0,
 "off_maps": 0.0,
 "evaporated": 162537.74624464606,
 "natural_dispersion": 19796.536405697483,
 "sedimentation": 2566.866049559315,
 "water_content": 0.8752131182752715,
 "avg_density": 1014.6103329688929,
 "floating": 67094.40194805303,
 "amount_released": 251995.55064795693,
 "non_weathering": 0.0,
 "avg_viscosity": 0.038335242729581394,
 "time_stamp": "2017-01-09T15:00:00"
}