{
 "beached": 0.0,
 "off_maps": 0.0,
 "evaporated": 193087.1938105809,
 "natural_dispersion": 23390.820746314363,
 "sedimentation": 3038.999447146192,
 "water_content": 0.8760691390780827,
 "avg_density": 1014.6186611410345,
 "floating": 78211.06250224722,
 "amount_released": 297728.07650628884,
 "non_weathering": 0.0,
 "avg_viscosity": 0.03939131011656108,
 "time_stamp": "2017-01-11T02:00:00"
}