{
 "beached": 54964.22156905894,
 "off_maps": 0.0,
 "evaporated": 456479.8864079309,
 "natural_dispersion": 53874.24611373778,
 "sedimentation": 7060.184614876191,
 "water_content": 0.8860964466516889,
 "avg_density": 1015.4232500854332,
 "floating": 111742.71546088379,
 "amount_released": 684121.2541664782,
 "non_weathering": 54964.22156905894,
 "avg_viscosity": 0.04449000389912047,
 "time_stamp": "2017-01-23T12:00:00"
}