{
 "beached": 5715.912997695994,
 "off_maps": 0.0,
 "evaporated": 344781.38306208624,
 "natural_dispersion": 40981.21605280868,
 "sedimentation": 5359.929420409957,
 "water_content": 0.8874683704260545,
 "avg_density": 1014.8275978234886,
 "floating": 123952.36313944116,
 "amount_released": 520790.8046724368,
 "non_weathering": 5715.912997695994,
 "avg_viscosity": 0.04299184599800646,
 "time_stamp": "2017-01-18T06:00:00"
}