{
 "beached": 0.0,
 "off_maps": 0.0,
 "evaporated": 202581.39050555148,
 "natural_dispersion": 24521.225553369277,
 "sedimentation": 3187.84788992752,
 "water_content": 0.8778221375597922,
 "avg_density": 1014.8063517092969,
 "floating": 81437.36537121575,
 "amount_released": 311727.8293200638,
 "non_weathering": 0.0,
 "avg_viscosity": 0.03978092229086036,
 "time_stamp": "2017-01-11T13:00:00"
}