{
 "beached": 60011.04665231805,
 "off_maps": 0.0,
 "evaporated": 426623.1942638875,
 "natural_dispersion": 50398.18505575869,
 "sedimentation": 6600.284396487512,
 "water_content": 0.883112031522032,
 "avg_density": 1015.248252005209,
 "floating": 96622.65164820658,
 "amount_released": 640255.3620166499,
 "non_weathering": 60011.04665231805,
 "avg_viscosity": 0.044162300739549576,
 "time_stamp": "2017-01-22T02:00:00"
}