{
 "beached": 6484.828702625612,
 "off_maps": 0.0,
 "evaporated": 316457.69978202437,
 "natural_dispersion": 37705.467316897324,
 "sedimentation": 4926.967762319127,
 "water_content": 0.8853287938302916,
 "avg_density": 1015.8450435010493,
 "floating": 113216.58266724991,
 "amount_released": 478791.54623111186,
 "non_weathering": 6484.828702625612,
 "avg_viscosity": 0.042707313343989625,
 "time_stamp": "2017-01-16T22:00:00"
}