{
 "beached": 101141.99726326183,
 "off_maps": 0.0,
 "evaporated": 610646.720147507,
 "natural_dispersion": 71471.21708149955,
 "sedimentation": 9381.78281306148,
 "water_content": 0.8862103442064201,
 "avg_density": 1015.9107776700578,
 "floating": 114542.26502731099,
 "amount_released": 907183.9823326261,
 "non_weathering": 101141.99726326183,
 "avg_viscosity": 0.04600161311101166,
 "time_stamp": "2017-01-30T16:00:00"
}