{
 "beached": 3717.267532472646,
 "off_maps": 0.0,
 "evaporated": 358303.2290770879,
 "natural_dispersion": 42513.049924392464,
 "sedimentation": 5562.822374787064,
 "water_content": 0.8878608733137913,
 "avg_density": 1014.8962908993466,
 "floating": 130294.08970298749,
 "amount_released": 540390.4586117218,
 "non_weathering": 3717.267532472646,
 "avg_viscosity": 0.04321088428720335,
 "time_stamp": "2017-01-18T21:00:00"
}