{
 "beached": 24109.263401973018,
 "off_maps": 0.0,
 "evaporated": 389691.28260686283,
 "natural_dispersion": 46094.594303533464,
 "sedimentation": 6034.462031802951,
 "water_content": 0.8859746321757845,
 "avg_density": 1016.1214330572063,
 "floating": 119260.06527163638,
 "amount_released": 585189.6676158017,
 "non_weathering": 24109.263401973018,
 "avg_viscosity": 0.04394183746869387,
 "time_stamp": "2017-01-20T08:00:00"
}