{
 "beached": 6802.588727478909,
 "off_maps": 0.0,
 "evaporated": 370986.5612309198,
 "natural_dispersion": 43961.55816740496,
 "sedimentation": 5751.793764460681,
 "water_content": 0.8859856454444778,
 "avg_density": 1015.8819374454511,
 "floating": 130620.97695224527,
 "amount_released": 558123.4788425034,
 "non_weathering": 6802.588727478909,
 "avg_viscosity": 0.043604085141256715,
 "time_stamp": "2017-01-19T11:00:00"
}