{
 "beached": 5754.387256957936,
 "off_maps": 0.0,
 "evaporated": 339581.8091915511,
 "natural_dispersion": 40368.73179082522,
 "sedimentation": 5278.361326102135,
 "water_content": 0.8865400590571021,
 "avg_density": 1014.7253960859769,
 "floating": 122340.98027299216,
 "amount_released": 513324.26983842347,
 "non_weathering": 5754.387256957936,
 "avg_viscosity": 0.0428425436477103,
 "time_stamp": "2017-01-18T00:00:00"
}