{
 "beached": 5603.353958037517,
 "off_maps": 0.0,
 "evaporated": 360915.3821109889,
 "natural_dispersion": 42823.02299870435,
 "sedimentation": 5602.8773332397495,
 "water_content": 0.887975933703126,
 "avg_density": 1014.9332215800025,
 "floating": 129179.0896277638,
 "amount_released": 544123.7260287284,
 "non_weathering": 5603.353958037517,
 "avg_viscosity": 0.04328210970634219,
 "time_stamp": "2017-01-19T00:00:00"
}