{
 "beached": 0.0,
 "off_maps": 0.0,
 "evaporated": 177392.4655415382,
 "natural_dispersion": 21548.70938883656,
 "sedimentation": 2796.3190848907157,
 "water_content": 0.8742531128614071,
 "avg_density": 1014.4128315451295,
 "floating": 72657.661134731,
 "amount_released": 274395.1551499972,
 "non_weathering": 0.0,
 "avg_viscosity": 0.038799292639025984,
 "time_stamp": "2017-01-10T08:00:00"
}