{
 "beached": 5774.319767314502,
 "off_maps": 0.0,
 "evaporated": 338765.211043765,
 "natural_dispersion": 40277.94109288063,
 "sedimentation": 5265.903262694908,
 "water_content": 0.8849227137871458,
 "avg_density": 1015.7433720157094,
 "floating": 121374.26096327016,
 "amount_released": 511457.63612992014,
 "non_weathering": 5774.319767314502,
 "avg_viscosity": 0.04304293483404162,
 "time_stamp": "2017-01-17T23:00:00"
}