{
 "beached": 39554.63346271624,
 "off_maps": 0.0,
 "evaporated": 526569.9335102311,
 "natural_dispersion": 61869.099896184875,
 "sedimentation": 8112.956818100554,
 "water_content": 0.8877274052613,
 "avg_density": 1016.3326952371701,
 "floating": 148812.85073843735,
 "amount_released": 784919.474425658,
 "non_weathering": 39554.63346271624,
 "avg_viscosity": 0.04537201982109307,
 "time_stamp": "2017-01-26T18:00:00"
}