{
 "beached": 69322.47869991016,
 "off_maps": 0.0,
 "evaporated": 577858.786915352,
 "natural_dispersion": 67685.55257621307,
 "sedimentation": 8881.645807384615,
 "water_content": 0.8876200611041515,
 "avg_density": 1016.5555452283754,
 "floating": 134903.0419126934,
 "amount_released": 858651.5059115395,
 "non_weathering": 69322.47869991016,
 "avg_viscosity": 0.04592331340032645,
 "time_stamp": "2017-01-29T03:00:00"
}