{
 "beached": 3460.5287425680253,
 "off_maps": 0.0,
 "evaporated": 320928.6096035792,
 "natural_dispersion": 38216.35024848303,
 "sedimentation": 4994.798502564676,
 "water_content": 0.8858236637769616,
 "avg_density": 1015.8589599409315,
 "floating": 117724.47711368311,
 "amount_released": 485324.7642108735,
 "non_weathering": 3460.5287425680253,
 "avg_viscosity": 0.042783591971208096,
 "time_stamp": "2017-01-17T03:00:00"
}