{
 "beached": 43622.27238421883,
 "off_maps": 0.0,
 "evaporated": 478038.0189200757,
 "natural_dispersion": 56343.708856865895,
 "sedimentation": 7384.08799327456,
 "water_content": 0.8859109703926298,
 "avg_density": 1016.2170202897879,
 "floating": 129532.62220235844,
 "amount_released": 714920.7103567831,
 "non_weathering": 43622.27238421883,
 "avg_viscosity": 0.04484862786512618,
 "time_stamp": "2017-01-24T12:00:00"
}