{
 "beached": 51264.007030168024,
 "off_maps": 0.0,
 "evaporated": 438031.55892109394,
 "natural_dispersion": 51722.35240403822,
 "sedimentation": 6777.286340935701,
 "water_content": 0.885520625507705,
 "avg_density": 1015.3272989591538,
 "floating": 109259.86069695276,
 "amount_released": 657055.0653931799,
 "non_weathering": 51264.007030168024,
 "avg_viscosity": 0.044286681061588784,
 "time_stamp": "2017-01-22T15:00:00"
}