{
 "beached": 4901.2174384488,
 "off_maps": 0.0,
 "evaporated": 332501.68566658953,
 "natural_dispersion": 39547.310508581424,
 "sedimentation": 5169.883621088085,
 "water_content": 0.8861542120396455,
 "avg_density": 1015.9159469768709,
 "floating": 120004.37035270056,
 "amount_released": 502124.4675874035,
 "non_weathering": 4901.2174384488,
 "avg_viscosity": 0.04301029089696573,
 "time_stamp": "2017-01-17T16:00:00"
}