{
 "beached": 5779.8086454274,
 "off_maps": 0.0,
 "evaporated": 366486.9003625076,
 "natural_dispersion": 43450.61466085524,
 "sedimentation": 5683.886806202683,
 "water_content": 0.8859811260567508,
 "avg_density": 1015.867843032476,
 "floating": 130189.05038775489,
 "amount_released": 551590.2608627417,
 "non_weathering": 5779.8086454274,
 "avg_viscosity": 0.04353834499659363,
 "time_stamp": "2017-01-19T06:00:00"
}