{
 "beached": 6184.138601417715,
 "off_maps": 0.0,
 "evaporated": 311999.6776299222,
 "natural_dispersion": 37196.028315973184,
 "sedimentation": 4860.452243452791,
 "water_content": 0.8853963658176808,
 "avg_density": 1015.8448349247602,
 "floating": 112018.03146058861,
 "amount_released": 472258.3282513502,
 "non_weathering": 6184.138601417715,
 "avg_viscosity": 0.042629466963888585,
 "time_stamp": "2017-01-16T17:00:00"
}