{
 "beached": 0.0,
 "off_maps": 0.0,
 "evaporated": 65608.81986899964,
 "natural_dispersion": 8230.04070194887,
 "sedimentation": 1045.4846680681528,
 "water_content": 0.8464151046070121,
 "avg_density": 1011.632861929214,
 "floating": 30580.459291424104,
 "amount_released": 105464.80453044096,
 "non_weathering": 0.0,
 "avg_viscosity": 0.030426572696699905,
 "time_stamp": "2017-01-04T22:00:00"
}