{
 "beached": 62132.485128947315,
 "off_maps": 0.0,
 "evaporated": 487810.647257878,
 "natural_dispersion": 57456.42245504256,
 "sedimentation": 7532.3698641542605,
 "water_content": 0.8856448908840888,
 "avg_density": 1016.3958540991903,
 "floating": 113988.5384645467,
 "amount_released": 728920.4631705581,
 "non_weathering": 62132.485128947315,
 "avg_viscosity": 0.04500506060763593,
 "time_stamp": "2017-01-24T23:00:00"
}