{
 "beached": 0.0,
 "off_maps": 0.0,
 "evaporated": 130610.75456786274,
 "natural_dispersion": 16021.968943824708,
 "sedimentation": 2068.629704342486,
 "water_content": 0.8664850601044151,
 "avg_density": 1013.5505470004498,
 "floating": 55695.0378650898,
 "amount_released": 204396.39108112053,
 "non_weathering": 0.0,
 "avg_viscosity": 0.036505885852937126,
 "time_stamp": "2017-01-08T02:00:00"
}