{
 "beached": 0.0,
 "off_maps": 0.0,
 "evaporated": 247452.04980597273,
 "natural_dispersion": 29737.64292166854,
 "sedimentation": 3876.5336214606714,
 "water_content": 0.881113413944265,
 "avg_density": 1015.1947928567081,
 "floating": 96927.09962283197,
 "amount_released": 377993.32597193203,
 "non_weathering": 0.0,
 "avg_viscosity": 0.0410623898776227,
 "time_stamp": "2017-01-13T16:00:00"
}