{
 "beached": 0.0,
 "off_maps": 0.0,
 "evaporated": 221004.31446259082,
 "natural_dispersion": 26653.962290754353,
 "sedimentation": 3469.8752205433034,
 "water_content": 0.8810800479713454,
 "avg_density": 1015.2563189792893,
 "floating": 87665.86611947454,
 "amount_released": 338794.0180933621,
 "non_weathering": 0.0,
 "avg_viscosity": 0.040448277845385246,
 "time_stamp": "2017-01-12T10:00:00"
}