{
 "beached": 14000.751928706473,
 "off_maps": 0.0,
 "evaporated": 375476.2197253159,
 "natural_dispersion": 44472.52794111151,
 "sedimentation": 5819.722740681772,
 "water_content": 0.8853220160589622,
 "avg_density": 1015.8976712353957,
 "floating": 124887.4744864558,
 "amount_released": 564656.696822265,
 "non_weathering": 14000.751928706473,
 "avg_viscosity": 0.04366542475381194,
 "time_stamp": "2017-01-19T16:00:00"
}