{
 "beached": 0.0,
 "off_maps": 0.0,
 "evaporated": 262281.4765931855,
 "natural_dispersion": 31461.888032084782,
 "sedimentation": 4105.427826374371,
 "water_content": 0.8845655278602608,
 "avg_density": 1014.0906540836814,
 "floating": 102544.13802232975,
 "amount_released": 400392.930473972,
 "non_weathering": 0.0,
 "avg_viscosity": 0.0412257323091597,
 "time_stamp": "2017-01-14T09:00:00"
}