{
 "beached": 3074.77913011821,
 "off_maps": 0.0,
 "evaporated": 294170.68872922595,
 "natural_dispersion": 35145.67773207535,
 "sedimentation": 4591.165239712762,
 "water_content": 0.8856243024412677,
 "avg_density": 1014.4083549454937,
 "floating": 110076.46235542659,
 "amount_released": 447058.77318655525,
 "non_weathering": 3074.77913011821,
 "avg_viscosity": 0.041968128273976425,
 "time_stamp": "2017-01-15T21:00:00"
}