{
 "beached": 0.0,
 "off_maps": 0.0,
 "evaporated": 22388.080552564446,
 "natural_dispersion": 2917.295727210562,
 "sedimentation": 350.66439729616957,
 "water_content": 0.7612000215754254,
 "avg_density": 1002.6419108894646,
 "floating": 12609.950347248043,
 "amount_released": 38265.99102431919,
 "non_weathering": 0.0,
 "avg_viscosity": 0.015547644367787368,
 "time_stamp": "2017-01-02T18:00:00"
}