{
 "beached": 0.0,
 "off_maps": 0.0,
 "evaporated": 2204.6882212648425,
 "natural_dispersion": 254.88695567530604,
 "sedimentation": 19.62778607793342,
 "water_content": 0.43462529254418036,
 "avg_density": 965.5375463100211,
 "floating": 2187.3813082403594,
 "amount_released": 4666.584271258442,
 "non_weathering": 0.0,
 "avg_viscosity": 0.00040911343541708754,
 "time_stamp": "2017-01-01T16:00:00"
}