{
 "beached": 52447.4679293544,
 "off_maps": 0.0,
 "evaporated": 469124.8912578777,
 "natural_dispersion": 55304.05258103404,
 "sedimentation": 7248.792931435286,
 "water_content": 0.8857956617445017,
 "avg_density": 1016.3331058201345,
 "floating": 117729.06969756828,
 "amount_released": 701854.2743972598,
 "non_weathering": 52447.4679293544,
 "avg_viscosity": 0.04479035625792274,
 "time_stamp": "2017-01-24T02:00:00"
}