{
 "beached": 2904.8194956564353,
 "off_maps": 0.0,
 "evaporated": 357584.79954522365,
 "natural_dispersion": 42410.97547840944,
 "sedimentation": 5548.582875176312,
 "water_content": 0.8871359587285972,
 "avg_density": 1016.0082593786227,
 "floating": 130074.64750875834,
 "amount_released": 538523.8249032184,
 "non_weathering": 2904.8194956564353,
 "avg_viscosity": 0.043437929481626905,
 "time_stamp": "2017-01-18T20:00:00"
}