{
 "beached": 831.908027798768,
 "off_maps": 0.0,
 "evaporated": 277505.3868824526,
 "natural_dispersion": 33201.71328531936,
 "sedimentation": 4334.052839985453,
 "water_content": 0.8842277435317804,
 "avg_density": 1015.635384653149,
 "floating": 105986.15708620714,
 "amount_released": 421859.2181217603,
 "non_weathering": 831.908027798768,
 "avg_viscosity": 0.04188003187524704,
 "time_stamp": "2017-01-15T02:00:00"
}