{
 "beached": 0.0,
 "off_maps": 0.0,
 "evaporated": 218351.41304399478,
 "natural_dispersion": 26363.258679959927,
 "sedimentation": 3430.596430501567,
 "water_content": 0.8792113528949193,
 "avg_density": 1014.9673624058785,
 "floating": 86915.48252189999,
 "amount_released": 335060.75067635544,
 "non_weathering": 0.0,
 "avg_viscosity": 0.04028184126458196,
 "time_stamp": "2017-01-12T07:00:00"
}