{
 "beached": 69502.63905362667,
 "off_maps": 0.0,
 "evaporated": 578574.686211992,
 "natural_dispersion": 67787.62449906325,
 "sedimentation": 8895.884336618015,
 "water_content": 0.8883732949535983,
 "avg_density": 1015.8265847861921,
 "floating": 135757.30551875656,
 "amount_released": 860518.1396200429,
 "non_weathering": 69502.63905362667,
 "avg_viscosity": 0.04576348555301986,
 "time_stamp": "2017-01-29T04:00:00"
}