{
 "beached": 6454.705865149129,
 "off_maps": 0.0,
 "evaporated": 369910.8540932276,
 "natural_dispersion": 43843.879291640944,
 "sedimentation": 5737.84501924118,
 "water_content": 0.8879726214618061,
 "avg_density": 1014.9711468033174,
 "floating": 131242.8777189991,
 "amount_released": 557190.1619882517,
 "non_weathering": 6454.705865149129,
 "avg_viscosity": 0.043420223857783255,
 "time_stamp": "2017-01-19T10:00:00"
}