{
 "beached": 3303.376207557827,
 "off_maps": 0.0,
 "evaporated": 320114.5053877693,
 "natural_dispersion": 38126.37198689753,
 "sedimentation": 4981.606934176162,
 "water_content": 0.8840862897711195,
 "avg_density": 1015.6168834426798,
 "floating": 117865.58684022554,
 "amount_released": 484391.44735662185,
 "non_weathering": 3303.376207557827,
 "avg_viscosity": 0.04266653321287953,
 "time_stamp": "2017-01-17T02:00:00"
}