{
 "beached": 6567.128733413326,
 "off_maps": 0.0,
 "evaporated": 315647.4941984656,
 "natural_dispersion": 37615.581468791745,
 "sedimentation": 4913.848924671148,
 "water_content": 0.8835019002855787,
 "avg_density": 1015.601334350923,
 "floating": 113114.17605152281,
 "amount_released": 477858.2293768602,
 "non_weathering": 6567.128733413326,
 "avg_viscosity": 0.04258905183198916,
 "time_stamp": "2017-01-16T21:00:00"
}