{
 "beached": 0.0,
 "off_maps": 0.0,
 "evaporated": 149464.05712769603,
 "natural_dispersion": 18264.918257587207,
 "sedimentation": 2364.8716049888567,
 "water_content": 0.8738871967099793,
 "avg_density": 1011.9716810989989,
 "floating": 63235.366572650004,
 "amount_released": 233329.21356292305,
 "non_weathering": 0.0,
 "avg_viscosity": 0.037215694430046006,
 "time_stamp": "2017-01-09T00:00:00"
}