{
 "beached": 35975.094491171374,
 "off_maps": 0.0,
 "evaporated": 524757.9631622077,
 "natural_dispersion": 61649.43420448387,
 "sedimentation": 8084.825811652523,
 "water_content": 0.8890315268967992,
 "avg_density": 1016.4607146138669,
 "floating": 151652.2061933995,
 "amount_released": 782119.523862903,
 "non_weathering": 35975.094491171374,
 "avg_viscosity": 0.04540130714846467,
 "time_stamp": "2017-01-26T16:00:00"
}