{
 "beached": 45611.52225187478,
 "off_maps": 0.0,
 "evaporated": 512083.4461983228,
 "natural_dispersion": 60228.56961134866,
 "sedimentation": 7896.47799372314,
 "water_content": 0.8864534695432211,
 "avg_density": 1016.2710018098082,
 "floating": 138566.4875768635,
 "amount_released": 764386.5036321214,
 "non_weathering": 45611.52225187478,
 "avg_viscosity": 0.04516211162795761,
 "time_stamp": "2017-01-26T02:00:00"
}