{
 "beached": 0.0,
 "off_maps": 0.0,
 "evaporated": 9735.86412558121,
 "natural_dispersion": 1270.7947358330564,
 "sedimentation": 138.9711877137843,
 "water_content": 0.6467057048993462,
 "avg_density": 991.0304168097421,
 "floating": 6587.390181654026,
 "amount_released": 17733.02023078208,
 "non_weathering": 0.0,
 "avg_viscosity": 0.0036624811223216636,
 "time_stamp": "2017-01-02T02:00:00"
}