{
 "beached": 36493.898821978546,
 "off_maps": 0.0,
 "evaporated": 533845.0495441842,
 "natural_dispersion": 62671.23526024047,
 "sedimentation": 8220.623607884423,
 "water_content": 0.8891254088121467,
 "avg_density": 1016.4733572790727,
 "floating": 153955.15258815108,
 "amount_released": 795185.9598224263,
 "non_weathering": 36493.898821978546,
 "avg_viscosity": 0.045492123861663104,
 "time_stamp": "2017-01-27T02:00:00"
}