{
 "beached": 5391.037671356958,
 "off_maps": 0.0,
 "evaporated": 346671.1507727428,
 "natural_dispersion": 41188.974026750264,
 "sedimentation": 5385.738668160136,
 "water_content": 0.88695303613273,
 "avg_density": 1014.787197603162,
 "floating": 124953.85409618694,
 "amount_released": 523590.7552351918,
 "non_weathering": 5391.037671356958,
 "avg_viscosity": 0.042989076147411584,
 "time_stamp": "2017-01-18T08:00:00"
}