{
 "beached": 56786.75591405186,
 "off_maps": 0.0,
 "evaporated": 483347.7498723655,
 "natural_dispersion": 56945.44302640367,
 "sedimentation": 7464.450744681439,
 "water_content": 0.8861314832039033,
 "avg_density": 1015.4799627533228,
 "floating": 118776.1624875562,
 "amount_released": 723320.5620450481,
 "non_weathering": 56786.75591405186,
 "avg_viscosity": 0.044733200820918126,
 "time_stamp": "2017-01-24T18:00:00"
}