{
 "beached": 5970.240053311588,
 "off_maps": 0.0,
 "evaporated": 336979.7478588701,
 "natural_dispersion": 40058.185591429006,
 "sedimentation": 5237.720042731601,
 "water_content": 0.8861372112547585,
 "avg_density": 1015.9286983580688,
 "floating": 120411.79202082791,
 "amount_released": 508657.68556716514,
 "non_weathering": 5970.240053311588,
 "avg_viscosity": 0.043082853010918847,
 "time_stamp": "2017-01-17T21:00:00"
}