{
 "beached": 50005.62649259454,
 "off_maps": 0.0,
 "evaporated": 555348.9508857019,
 "natural_dispersion": 65132.77039479138,
 "sedimentation": 8543.741274729347,
 "water_content": 0.888980957937555,
 "avg_density": 1015.7365962554486,
 "floating": 147887.6438191788,
 "amount_released": 826918.7328669829,
 "non_weathering": 50005.62649259454,
 "avg_viscosity": 0.0455417871666703,
 "time_stamp": "2017-01-28T02:00:00"
}