{
 "beached": 78740.53677338279,
 "off_maps": 0.0,
 "evaporated": 593110.4133385643,
 "natural_dispersion": 69437.36399912195,
 "sedimentation": 9111.411462127995,
 "water_content": 0.8856358604078327,
 "avg_density": 1016.4409282512155,
 "floating": 130651.38484039657,
 "amount_released": 881051.1104135795,
 "non_weathering": 78740.53677338279,
 "avg_viscosity": 0.04597800655809161,
 "time_stamp": "2017-01-29T20:00:00"
}