{
 "beached": 103.2699500867977,
 "off_maps": 0.0,
 "evaporated": 273051.8914069312,
 "natural_dispersion": 32690.71821673456,
 "sedimentation": 4266.148887527725,
 "water_content": 0.884145853307558,
 "avg_density": 1015.6127893525711,
 "floating": 105213.97168072112,
 "amount_released": 415326.00014199864,
 "non_weathering": 103.2699500867977,
 "avg_viscosity": 0.0417906781647059,
 "time_stamp": "2017-01-14T21:00:00"
}