{
 "beached": 6198.769090666467,
 "off_maps": 0.0,
 "evaporated": 314587.43242595904,
 "natural_dispersion": 37505.299084902574,
 "sedimentation": 4899.8994928843285,
 "water_content": 0.8856614967939317,
 "avg_density": 1014.5474635901217,
 "floating": 113733.51242820054,
 "amount_released": 476924.91252260853,
 "non_weathering": 6198.769090666467,
 "avg_viscosity": 0.0423779494529096,
 "time_stamp": "2017-01-16T20:00:00"
}