{
 "beached": 5155.246066570334,
 "off_maps": 0.0,
 "evaporated": 302272.86961786944,
 "natural_dispersion": 36083.28081640576,
 "sedimentation": 4712.194768691256,
 "water_content": 0.8834256130910897,
 "avg_density": 1015.5632323559344,
 "floating": 110034.9841680424,
 "amount_released": 458258.57543757523,
 "non_weathering": 5155.246066570334,
 "avg_viscosity": 0.04235309303395023,
 "time_stamp": "2017-01-16T06:00:00"
}