{
 "beached": 60175.99427107404,
 "off_maps": 0.0,
 "evaporated": 499311.7477565281,
 "natural_dispersion": 58787.28767138917,
 "sedimentation": 7707.356702517093,
 "water_content": 0.8863545077545595,
 "avg_density": 1015.5393609943176,
 "floating": 120671.09699984235,
 "amount_released": 746653.4834013397,
 "non_weathering": 60175.99427107404,
 "avg_viscosity": 0.044882932193906405,
 "time_stamp": "2017-01-25T12:00:00"
}