{
 "beached": 60684.95601589553,
 "off_maps": 0.0,
 "evaporated": 429174.2111789137,
 "natural_dispersion": 50700.39253319972,
 "sedimentation": 6641.535644106665,
 "water_content": 0.883741892768238,
 "avg_density": 1015.2930531711404,
 "floating": 96787.53406154939,
 "amount_released": 643988.6294336566,
 "non_weathering": 60684.95601589553,
 "avg_viscosity": 0.044212385035666504,
 "time_stamp": "2017-01-22T05:00:00"
}