{
 "beached": 21364.451771535907,
 "off_maps": 0.0,
 "evaporated": 384414.42093045614,
 "natural_dispersion": 45493.64071852417,
 "sedimentation": 5953.351107302425,
 "water_content": 0.8844303590340491,
 "avg_density": 1015.9026584304245,
 "floating": 120497.26825397648,
 "amount_released": 577723.1327817884,
 "non_weathering": 21364.451771535907,
 "avg_viscosity": 0.04378734518244075,
 "time_stamp": "2017-01-20T02:00:00"
}