{
 "beached": 1747.204828227055,
 "off_maps": 0.0,
 "evaporated": 328733.01949508005,
 "natural_dispersion": 39139.38718949705,
 "sedimentation": 5117.0036421124705,
 "water_content": 0.8873428405740862,
 "avg_density": 1014.7135967962822,
 "floating": 122721.26816123328,
 "amount_released": 497457.88331614516,
 "non_weathering": 1747.204828227055,
 "avg_viscosity": 0.042694021859182155,
 "time_stamp": "2017-01-17T12:00:00"
}