{
 "beached": 11978.354532024912,
 "off_maps": 0.0,
 "evaporated": 373689.16006249416,
 "natural_dispersion": 44252.7734821582,
 "sedimentation": 5791.534881930401,
 "water_content": 0.886735658821366,
 "avg_density": 1016.0674517292189,
 "floating": 126144.92330090867,
 "amount_released": 561856.74625951,
 "non_weathering": 11978.354532024912,
 "avg_viscosity": 0.04370496613616699,
 "time_stamp": "2017-01-19T14:00:00"
}