{
 "beached": 0.0,
 "off_maps": 0.0,
 "evaporated": 423576.5896597448,
 "natural_dispersion": 49619.27302959607,
 "sedimentation": 8875.37659681727,
 "water_content": 0.8904642301492935,
 "avg_density": 1017.6425460186799,
 "floating": 165650.65756451362,
 "amount_released": 647721.8968506632,
 "non_weathering": 0.0,
 "avg_viscosity": 0.055076028468335765,
 "time_stamp": "2017-07-22T08:00:00"
}