{
 "beached": 0.0,
 "off_maps": 0.0,
 "evaporated": 329567.2443728099,
 "natural_dispersion": 38964.765527670446,
 "sedimentation": 6961.2349197524545,
 "water_content": 0.8896742310529203,
 "avg_density": 1017.5268243306172,
 "floating": 133164.44074693735,
 "amount_released": 508657.68556716514,
 "non_weathering": 0.0,
 "avg_viscosity": 0.053312085123565334,
 "time_stamp": "2017-07-17T21:00:00"
}