{
 "beached": 0.0,
 "off_maps": 0.0,
 "evaporated": 154277.5058086869,
 "natural_dispersion": 18778.48869721526,
 "sedimentation": 3331.7982569157284,
 "water_content": 0.8802545884214292,
 "avg_density": 1016.311067506447,
 "floating": 69074.53990537606,
 "amount_released": 245462.33266819507,
 "non_weathering": 0.0,
 "avg_viscosity": 0.04710158863392637,
 "time_stamp": "2017-07-09T10:00:00"
}