{
 "beached": 0.0,
 "off_maps": 0.0,
 "evaporated": 159237.6635004052,
 "natural_dispersion": 19374.25823274821,
 "sedimentation": 3440.24432269567,
 "water_content": 0.8819581980886314,
 "avg_density": 1014.3089687113504,
 "floating": 71810.01830061007,
 "amount_released": 253862.18435646032,
 "non_weathering": 0.0,
 "avg_viscosity": 0.04687947381233687,
 "time_stamp": "2017-07-09T16:00:00"
}