{
 "beached": 0.0,
 "off_maps": 0.0,
 "evaporated": 567568.4204043851,
 "natural_dispersion": 65726.83992938566,
 "sedimentation": 11773.350465771371,
 "water_content": 0.8925674898771008,
 "avg_density": 1017.9737750469684,
 "floating": 212649.57825775936,
 "amount_released": 857718.1890572879,
 "non_weathering": 0.0,
 "avg_viscosity": 0.05726917322906874,
 "time_stamp": "2017-07-29T02:00:00"
}