{
 "beached": 0.0,
 "off_maps": 0.0,
 "evaporated": 258897.66017369242,
 "natural_dispersion": 30911.826484523997,
 "sedimentation": 5513.317502441173,
 "water_content": 0.8883209283869227,
 "avg_density": 1015.8573433700278,
 "floating": 108803.39373032333,
 "amount_released": 404126.19789097866,
 "non_weathering": 0.0,
 "avg_viscosity": 0.05113156169758748,
 "time_stamp": "2017-07-14T12:00:00"
}