{
 "beached": 0.0,
 "off_maps": 0.0,
 "evaporated": 265087.50034241634,
 "natural_dispersion": 31609.882513957393,
 "sedimentation": 5637.342106043099,
 "water_content": 0.8878294988621496,
 "avg_density": 1015.8528209577184,
 "floating": 111124.64147108085,
 "amount_released": 413459.3664334953,
 "non_weathering": 0.0,
 "avg_viscosity": 0.05125623782912767,
 "time_stamp": "2017-07-14T19:00:00"
}