{
 "beached": 0.0,
 "off_maps": 0.0,
 "evaporated": 142454.74501089484,
 "natural_dispersion": 17400.557339426217,
 "sedimentation": 3082.539433494905,
 "water_content": 0.8757202401527342,
 "avg_density": 1015.6953512025617,
 "floating": 64791.47065359588,
 "amount_released": 227729.31243741288,
 "non_weathering": 0.0,
 "avg_viscosity": 0.04611632667201469,
 "time_stamp": "2017-07-08T20:00:00"
}