{
 "beached": 0.0,
 "off_maps": 0.0,
 "evaporated": 361766.53451007535,
 "natural_dispersion": 42643.570196522465,
 "sedimentation": 7623.747818685796,
 "water_content": 0.8911019619222945,
 "avg_density": 1016.6143572126301,
 "floating": 145156.30946297443,
 "amount_released": 557190.1619882517,
 "non_weathering": 0.0,
 "avg_viscosity": 0.0537338220747399,
 "time_stamp": "2017-07-19T10:00:00"
}