{
 "beached": 0.0,
 "off_maps": 0.0,
 "evaporated": 319978.70223436685,
 "natural_dispersion": 37888.35648154734,
 "sedimentation": 6766.256392068649,
 "water_content": 0.8881645642602265,
 "avg_density": 1017.2967099355621,
 "floating": 130024.61764541191,
 "amount_released": 494657.93275339017,
 "non_weathering": 0.0,
 "avg_viscosity": 0.05298126571481203,
 "time_stamp": "2017-07-17T10:00:00"
}