{
 "beached": 0.0,
 "off_maps": 0.0,
 "evaporated": 6321.8023690437485,
 "natural_dispersion": 863.001950217592,
 "sedimentation": 127.0824947040669,
 "water_content": 0.6598923115692871,
 "avg_density": 994.2021994840536,
 "floating": 4821.23229130654,
 "amount_released": 12133.119105271951,
 "non_weathering": 0.0,
 "avg_viscosity": 0.0034433754847629033,
 "time_stamp": "2017-07-01T22:00:00"
}