{
 "beached": 0.0,
 "off_maps": 0.0,
 "evaporated": 133918.24759690405,
 "natural_dispersion": 16408.20957852797,
 "sedimentation": 2905.235134758943,
 "water_content": 0.8750465052077978,
 "avg_density": 1015.5922468296405,
 "floating": 61431.18416769727,
 "amount_released": 214662.87647788916,
 "non_weathering": 0.0,
 "avg_viscosity": 0.045559540274393975,
 "time_stamp": "2017-07-08T10:00:00"
}