{
 "beached": 0.0,
 "off_maps": 0.0,
 "evaporated": 85976.63391181717,
 "natural_dispersion": 10735.532123622801,
 "sedimentation": 1886.710569463062,
 "water_content": 0.8628930778310443,
 "avg_density": 1014.1493023056241,
 "floating": 42331.968387101886,
 "amount_released": 140930.84499200532,
 "non_weathering": 0.0,
 "avg_viscosity": 0.04085138339764482,
 "time_stamp": "2017-07-06T01:00:00"
}