{
 "beached": 0.0,
 "off_maps": 0.0,
 "evaporated": 278861.3251043326,
 "natural_dispersion": 33197.79716358915,
 "sedimentation": 5924.420263540667,
 "water_content": 0.8889061356450955,
 "avg_density": 1016.0323035218294,
 "floating": 116008.79469557246,
 "amount_released": 433992.33722703194,
 "non_weathering": 0.0,
 "avg_viscosity": 0.05171774984302759,
 "time_stamp": "2017-07-15T11:00:00"
}