{
 "beached": 0.0,
 "off_maps": 0.0,
 "evaporated": 481810.20218697254,
 "natural_dispersion": 56170.82068929075,
 "sedimentation": 10054.572822927046,
 "water_content": 0.8927773187004983,
 "avg_density": 1017.1236262256002,
 "floating": 185551.45174263688,
 "amount_released": 733587.0474418164,
 "non_weathering": 0.0,
 "avg_viscosity": 0.05588986085262868,
 "time_stamp": "2017-07-25T02:00:00"
}