{
 "beached": 0.0,
 "off_maps": 0.0,
 "evaporated": 462435.1230492133,
 "natural_dispersion": 53996.475510428514,
 "sedimentation": 9663.748734476862,
 "water_content": 0.8913734776983222,
 "avg_density": 1017.7675801795459,
 "floating": 178558.8776659064,
 "amount_released": 704654.2249600148,
 "non_weathering": 0.0,
 "avg_viscosity": 0.05574647502478566,
 "time_stamp": "2017-07-24T04:00:00"
}