{
 "beached": 0.0,
 "off_maps": 0.0,
 "evaporated": 218443.1372348838,
 "natural_dispersion": 26240.00881966267,
 "sedimentation": 4671.945797428948,
 "water_content": 0.8856177755646943,
 "avg_density": 1015.3099835349083,
 "floating": 94105.51051264573,
 "amount_released": 343460.6023646204,
 "non_weathering": 0.0,
 "avg_viscosity": 0.04964839347674327,
 "time_stamp": "2017-07-12T13:00:00"
}