{
 "beached": 0.0,
 "off_maps": 0.0,
 "evaporated": 155968.91090990277,
 "natural_dispersion": 18995.416368689646,
 "sedimentation": 3368.7730387412375,
 "water_content": 0.8781537818752982,
 "avg_density": 1015.9791138118183,
 "floating": 69929.18291361537,
 "amount_released": 248262.28323095015,
 "non_weathering": 0.0,
 "avg_viscosity": 0.04705242797846766,
 "time_stamp": "2017-07-09T12:00:00"
}