{
 "beached": 0.0,
 "off_maps": 0.0,
 "evaporated": 97614.58580678419,
 "natural_dispersion": 12113.74451238881,
 "sedimentation": 2135.682104103829,
 "water_content": 0.8708111865923144,
 "avg_density": 1015.1906164280651,
 "floating": 46799.85279951013,
 "amount_released": 158663.8652227875,
 "non_weathering": 0.0,
 "avg_viscosity": 0.04257619884889392,
 "time_stamp": "2017-07-06T15:00:00"
}