{
 "beached": 0.0,
 "off_maps": 0.0,
 "evaporated": 524657.6098522275,
 "natural_dispersion": 60938.4948995617,
 "sedimentation": 10914.693247560139,
 "water_content": 0.8930555800277262,
 "avg_density": 1018.0330576895107,
 "floating": 198675.16182308923,
 "amount_released": 795185.9598224263,
 "non_weathering": 0.0,
 "avg_viscosity": 0.05675357926344722,
 "time_stamp": "2017-07-27T02:00:00"
}