{
 "beached": 0.0,
 "off_maps": 0.0,
 "evaporated": 188539.45985168533,
 "natural_dispersion": 22771.020065243578,
 "sedimentation": 4047.4270721305625,
 "water_content": 0.8808740838085928,
 "avg_density": 1016.3435069296536,
 "floating": 82370.16951722902,
 "amount_released": 297728.07650628884,
 "non_weathering": 0.0,
 "avg_viscosity": 0.0486667859780219,
 "time_stamp": "2017-07-11T02:00:00"
}