{
 "beached": 0.0,
 "off_maps": 0.0,
 "evaporated": 229620.63324003806,
 "natural_dispersion": 27533.55309070345,
 "sedimentation": 4904.005133781331,
 "water_content": 0.8863229687149102,
 "avg_density": 1015.4667449334784,
 "floating": 98202.11427662877,
 "amount_released": 360260.3057411504,
 "non_weathering": 0.0,
 "avg_viscosity": 0.05008485964652828,
 "time_stamp": "2017-07-13T02:00:00"
}