{
 "beached": 0.0,
 "off_maps": 0.0,
 "evaporated": 127188.2853959597,
 "natural_dispersion": 15610.272079479495,
 "sedimentation": 2761.022949008994,
 "water_content": 0.8732814524227848,
 "avg_density": 1015.3948604941738,
 "floating": 58836.81065667147,
 "amount_released": 204396.39108112053,
 "non_weathering": 0.0,
 "avg_viscosity": 0.045017352125707386,
 "time_stamp": "2017-07-08T02:00:00"
}