{
 "beached": 0.0,
 "off_maps": 0.0,
 "evaporated": 293001.80340743344,
 "natural_dispersion": 34804.27362068296,
 "sedimentation": 6210.180190240871,
 "water_content": 0.8869719910149859,
 "avg_density": 1017.1434931307208,
 "floating": 120509.05080221474,
 "amount_released": 454525.30802056857,
 "non_weathering": 0.0,
 "avg_viscosity": 0.052294041134568495,
 "time_stamp": "2017-07-16T03:00:00"
}