{
 "beached": 0.0,
 "off_maps": 0.0,
 "evaporated": 460674.9670254296,
 "natural_dispersion": 53779.57623569899,
 "sedimentation": 9626.705232066828,
 "water_content": 0.8922412259114036,
 "avg_density": 1017.9030077702014,
 "floating": 177773.02590407454,
 "amount_released": 701854.2743972598,
 "non_weathering": 0.0,
 "avg_viscosity": 0.055787828898937575,
 "time_stamp": "2017-07-24T02:00:00"
}