{
 "beached": 0.0,
 "off_maps": 0.0,
 "evaporated": 123716.79890183224,
 "natural_dispersion": 15197.958404637406,
 "sedimentation": 2688.7314174317803,
 "water_content": 0.8761865466799448,
 "avg_density": 1015.8197656501079,
 "floating": 57193.0012317081,
 "amount_released": 198796.48995561036,
 "non_weathering": 0.0,
 "avg_viscosity": 0.04501666220064114,
 "time_stamp": "2017-07-07T22:00:00"
}