{
 "beached": 0.0,
 "off_maps": 0.0,
 "evaporated": 336509.3393559016,
 "natural_dispersion": 39762.4386876214,
 "sedimentation": 7104.587601810709,
 "water_content": 0.8900683689434757,
 "avg_density": 1017.5724186153589,
 "floating": 135547.80531860504,
 "amount_released": 518924.17096393346,
 "non_weathering": 0.0,
 "avg_viscosity": 0.05348998148427576,
 "time_stamp": "2017-07-18T05:00:00"
}