{
 "beached": 0.0,
 "off_maps": 0.0,
 "evaporated": 27792.19361788247,
 "natural_dispersion": 3654.5428791505983,
 "sedimentation": 621.6559227161997,
 "water_content": 0.8184843883253001,
 "avg_density": 1009.6452876802956,
 "floating": 16464.084001338517,
 "amount_released": 48532.47642108775,
 "non_weathering": 0.0,
 "avg_viscosity": 0.026215247101384183,
 "time_stamp": "2017-07-03T02:00:00"
}