{
 "beached": 0.0,
 "off_maps": 0.0,
 "evaporated": 241839.83659986802,
 "natural_dispersion": 28938.863091482166,
 "sedimentation": 5157.006394921355,
 "water_content": 0.8849355872054206,
 "avg_density": 1016.8565137384587,
 "floating": 102057.61988566213,
 "amount_released": 377993.32597193203,
 "non_weathering": 0.0,
 "avg_viscosity": 0.05078246889496762,
 "time_stamp": "2017-07-13T16:00:00"
}