{
 "beached": 0.0,
 "off_maps": 0.0,
 "evaporated": 586305.3475365475,
 "natural_dispersion": 67817.71761839585,
 "sedimentation": 12149.901153299088,
 "water_content": 0.8929565486791,
 "avg_density": 1018.0254995817909,
 "floating": 218511.41152235813,
 "amount_released": 884784.3778305862,
 "non_weathering": 0.0,
 "avg_viscosity": 0.05753917858495776,
 "time_stamp": "2017-07-29T23:00:00"
}