{
 "beached": 0.0,
 "off_maps": 0.0,
 "evaporated": 147518.16010471407,
 "natural_dispersion": 17981.509851203915,
 "sedimentation": 3189.785323750089,
 "water_content": 0.8793526952385361,
 "avg_density": 1016.2034990342663,
 "floating": 66506.39199175725,
 "amount_released": 235195.84727142644,
 "non_weathering": 0.0,
 "avg_viscosity": 0.04663728187244093,
 "time_stamp": "2017-07-09T02:00:00"
}