{
 "beached": 0.0,
 "off_maps": 0.0,
 "evaporated": 279894.1743982483,
 "natural_dispersion": 33315.548063957365,
 "sedimentation": 5942.759142717959,
 "water_content": 0.8867708919791975,
 "avg_density": 1017.1025337479392,
 "floating": 115773.17247636295,
 "amount_released": 434925.6540812836,
 "non_weathering": 0.0,
 "avg_viscosity": 0.05197985904883255,
 "time_stamp": "2017-07-15T12:00:00"
}