{
 "beached": 0.0,
 "off_maps": 0.0,
 "evaporated": 183215.4508774264,
 "natural_dispersion": 22163.458591815157,
 "sedimentation": 3938.7995292773976,
 "water_content": 0.883390493230683,
 "avg_density": 1014.755152661343,
 "floating": 80943.83267375609,
 "amount_released": 290261.5416722755,
 "non_weathering": 0.0,
 "avg_viscosity": 0.04812643268978631,
 "time_stamp": "2017-07-10T20:00:00"
}