{
 "beached": 0.0,
 "off_maps": 0.0,
 "evaporated": 111979.28026489106,
 "natural_dispersion": 13819.896612836988,
 "sedimentation": 2439.5838838772993,
 "water_content": 0.8702661161689775,
 "avg_density": 1015.0278594832446,
 "floating": 52824.70896322211,
 "amount_released": 181063.46972482817,
 "non_weathering": 0.0,
 "avg_viscosity": 0.04373300712300267,
 "time_stamp": "2017-07-07T08:00:00"
}