{
 "beached": 0.0,
 "off_maps": 0.0,
 "evaporated": 173134.62150681284,
 "natural_dispersion": 20980.920329257697,
 "sedimentation": 3725.750894100652,
 "water_content": 0.8794292983337166,
 "avg_density": 1016.1597381101883,
 "floating": 76553.86241982513,
 "amount_released": 274395.1551499972,
 "non_weathering": 0.0,
 "avg_viscosity": 0.047914996376159716,
 "time_stamp": "2017-07-10T08:00:00"
}