{
 "beached": 0.0,
 "off_maps": 0.0,
 "evaporated": 439474.3677904963,
 "natural_dispersion": 51409.03454443045,
 "sedimentation": 9197.34590103447,
 "water_content": 0.8907603804926463,
 "avg_density": 1017.687117579461,
 "floating": 170974.06997100278,
 "amount_released": 671054.8182069549,
 "non_weathering": 0.0,
 "avg_viscosity": 0.05535102813200625,
 "time_stamp": "2017-07-23T02:00:00"
}