{
 "beached": 0.0,
 "off_maps": 0.0,
 "evaporated": 161046.22973436577,
 "natural_dispersion": 19576.29047517911,
 "sedimentation": 3474.9898912974504,
 "water_content": 0.8812656363584683,
 "avg_density": 1014.2748198660591,
 "floating": 72564.62481837187,
 "amount_released": 256662.1349192154,
 "non_weathering": 0.0,
 "avg_viscosity": 0.04690248774744375,
 "time_stamp": "2017-07-09T18:00:00"
}