{
 "beached": 0.0,
 "off_maps": 0.0,
 "evaporated": 477343.49295494426,
 "natural_dispersion": 55668.46794833439,
 "sedimentation": 9967.380967091342,
 "water_content": 0.8929730160016387,
 "avg_density": 1017.1298972112264,
 "floating": 184074.4875916955,
 "amount_released": 727053.8294620548,
 "non_weathering": 0.0,
 "avg_viscosity": 0.055823748365618785,
 "time_stamp": "2017-07-24T21:00:00"
}