{
 "beached": 0.0,
 "off_maps": 0.0,
 "evaporated": 250531.55415698877,
 "natural_dispersion": 29931.033679213797,
 "sedimentation": 5334.46462448333,
 "water_content": 0.8850162787074671,
 "avg_density": 1016.8825594356138,
 "floating": 105262.70947077141,
 "amount_released": 391059.76193145534,
 "non_weathering": 0.0,
 "avg_viscosity": 0.05104324043815864,
 "time_stamp": "2017-07-14T02:00:00"
}