{
 "beached": 0.0,
 "off_maps": 0.0,
 "evaporated": 412136.23439856136,
 "natural_dispersion": 48326.00757597757,
 "sedimentation": 8643.316848774484,
 "water_content": 0.8902172372422582,
 "avg_density": 1017.6065484053042,
 "floating": 161816.6346508279,
 "amount_released": 630922.1934741333,
 "non_weathering": 0.0,
 "avg_viscosity": 0.054858364771147194,
 "time_stamp": "2017-07-21T19:00:00"
}