{
 "beached": 0.0,
 "off_maps": 0.0,
 "evaporated": 167824.27624600657,
 "natural_dispersion": 20373.342824881034,
 "sedimentation": 3617.137038535549,
 "water_content": 0.8820935772980777,
 "avg_density": 1014.4447687516628,
 "floating": 75113.86420655964,
 "amount_released": 266928.6203159839,
 "non_weathering": 0.0,
 "avg_viscosity": 0.047328327697236064,
 "time_stamp": "2017-07-10T02:00:00"
}