{
 "beached": 0.0,
 "off_maps": 0.0,
 "evaporated": 52764.82028924461,
 "natural_dispersion": 6741.175917681698,
 "sedimentation": 1172.6002208002135,
 "water_content": 0.8515294669816011,
 "avg_density": 1013.0472717091374,
 "floating": 27986.50472618385,
 "amount_released": 88665.10115391047,
 "non_weathering": 0.0,
 "avg_viscosity": 0.035402138518042,
 "time_stamp": "2017-07-04T09:00:00"
}