{
 "beached": 0.0,
 "off_maps": 0.0,
 "evaporated": 256374.21293648586,
 "natural_dispersion": 30611.04777539277,
 "sedimentation": 5460.473437743684,
 "water_content": 0.8879973514764483,
 "avg_density": 1015.810798994452,
 "floating": 107947.19632435185,
 "amount_released": 400392.930473972,
 "non_weathering": 0.0,
 "avg_viscosity": 0.0510039563986171,
 "time_stamp": "2017-07-14T09:00:00"
}