{
 "beached": 0.0,
 "off_maps": 0.0,
 "evaporated": 138971.1788169062,
 "natural_dispersion": 16988.26185516976,
 "sedimentation": 3010.2318818386275,
 "water_content": 0.8784193134536554,
 "avg_density": 1016.0877846431167,
 "floating": 63159.73875798712,
 "amount_released": 222129.41131190272,
 "non_weathering": 0.0,
 "avg_viscosity": 0.04613336511638933,
 "time_stamp": "2017-07-08T16:00:00"
}