{
 "beached": 0.0,
 "off_maps": 0.0,
 "evaporated": 172119.41591155625,
 "natural_dispersion": 20869.82884719568,
 "sedimentation": 3706.814240637072,
 "water_content": 0.882349900144259,
 "avg_density": 1014.5246661644118,
 "floating": 76765.77929635561,
 "amount_released": 273461.83829574555,
 "non_weathering": 0.0,
 "avg_viscosity": 0.04754325123583608,
 "time_stamp": "2017-07-10T07:00:00"
}