{
 "beached": 0.0,
 "off_maps": 0.0,
 "evaporated": 376042.6480834935,
 "natural_dispersion": 44249.92659339889,
 "sedimentation": 7909.522602588418,
 "water_content": 0.8894385428207439,
 "avg_density": 1017.4918364418324,
 "floating": 149521.0355023144,
 "amount_released": 577723.1327817884,
 "non_weathering": 0.0,
 "avg_viscosity": 0.054184973660127825,
 "time_stamp": "2017-07-20T02:00:00"
}