{
 "beached": 0.0,
 "off_maps": 0.0,
 "evaporated": 418098.6226729861,
 "natural_dispersion": 49011.815845675745,
 "sedimentation": 8766.659567412407,
 "water_content": 0.8918443909494265,
 "avg_density": 1016.8698224414577,
 "floating": 164378.26393058395,
 "amount_released": 640255.3620166499,
 "non_weathering": 0.0,
 "avg_viscosity": 0.054815258708740405,
 "time_stamp": "2017-07-22T02:00:00"
}