{
 "beached": 0.0,
 "off_maps": 0.0,
 "evaporated": 291971.878924376,
 "natural_dispersion": 34693.26047666485,
 "sedimentation": 6191.308000785536,
 "water_content": 0.8888851963908411,
 "avg_density": 1016.1035820844749,
 "floating": 120735.54376449395,
 "amount_released": 453591.9911663169,
 "non_weathering": 0.0,
 "avg_viscosity": 0.05204292237826501,
 "time_stamp": "2017-07-16T02:00:00"
}