{
 "beached": 0.0,
 "off_maps": 0.0,
 "evaporated": 66822.37241663907,
 "natural_dispersion": 8447.929383167535,
 "sedimentation": 1475.9851366780588,
 "water_content": 0.8544420404503684,
 "avg_density": 1013.1672325146,
 "floating": 34318.41871946624,
 "amount_released": 111064.70565595113,
 "non_weathering": 0.0,
 "avg_viscosity": 0.03795762948283231,
 "time_stamp": "2017-07-05T02:00:00"
}