{
 "beached": 0.0,
 "off_maps": 0.0,
 "evaporated": 71756.89513015952,
 "natural_dispersion": 9029.111706935957,
 "sedimentation": 1583.0417096860997,
 "water_content": 0.8622574534401262,
 "avg_density": 1014.2194764288602,
 "floating": 36162.19194318282,
 "amount_released": 118531.24048996468,
 "non_weathering": 0.0,
 "avg_viscosity": 0.039105068604804616,
 "time_stamp": "2017-07-05T08:00:00"
}