{
 "beached": 0.0,
 "off_maps": 0.0,
 "evaporated": 82549.62952039223,
 "natural_dispersion": 10323.116512419676,
 "sedimentation": 1814.4602757831324,
 "water_content": 0.8664423500514944,
 "avg_density": 1014.6899189994366,
 "floating": 40643.737557899745,
 "amount_released": 135330.94386649516,
 "non_weathering": 0.0,
 "avg_viscosity": 0.04075411231067393,
 "time_stamp": "2017-07-05T21:00:00"
}