{
 "beached": 0.0,
 "off_maps": 0.0,
 "evaporated": 239322.40415454874,
 "natural_dispersion": 28637.63699935329,
 "sedimentation": 5102.519434766943,
 "water_content": 0.8843825015756975,
 "avg_density": 1016.7993804201628,
 "floating": 101197.49796625794,
 "amount_released": 374260.0585549254,
 "non_weathering": 0.0,
 "avg_viscosity": 0.05065281696141619,
 "time_stamp": "2017-07-13T13:00:00"
}