{
 "beached": 0.0,
 "off_maps": 0.0,
 "evaporated": 52008.77947386611,
 "natural_dispersion": 6656.79485549761,
 "sedimentation": 1155.1920475432432,
 "water_content": 0.844155668336296,
 "avg_density": 1012.0041231642658,
 "floating": 27911.017922751726,
 "amount_released": 87731.78429965877,
 "non_weathering": 0.0,
 "avg_viscosity": 0.034807020934454175,
 "time_stamp": "2017-07-04T08:00:00"
}