{
 "beached": 0.0,
 "off_maps": 0.0,
 "evaporated": 282535.7473711036,
 "natural_dispersion": 33595.16849130949,
 "sedimentation": 5995.59922859397,
 "water_content": 0.8882064153373943,
 "avg_density": 1017.3259403866416,
 "floating": 116532.4064072863,
 "amount_released": 438658.92149829026,
 "non_weathering": 0.0,
 "avg_viscosity": 0.052137551499327715,
 "time_stamp": "2017-07-15T15:00:00"
}