{
 "beached": 0.0,
 "off_maps": 0.0,
 "evaporated": 67587.69426682925,
 "natural_dispersion": 8532.289925420397,
 "sedimentation": 1493.4080373760794,
 "water_content": 0.8604197668048545,
 "avg_density": 1014.0152601571059,
 "floating": 34384.63028057688,
 "amount_released": 111998.02251020282,
 "non_weathering": 0.0,
 "avg_viscosity": 0.03845265108423511,
 "time_stamp": "2017-07-05T03:00:00"
}