{
 "beached": 0.0,
 "off_maps": 0.0,
 "evaporated": 283227.3445160744,
 "natural_dispersion": 33694.32716471265,
 "sedimentation": 6014.280995492365,
 "water_content": 0.8890081947526198,
 "avg_density": 1016.066021053333,
 "floating": 117589.60253051734,
 "amount_released": 440525.5552067936,
 "non_weathering": 0.0,
 "avg_viscosity": 0.05182688677068413,
 "time_stamp": "2017-07-15T16:00:00"
}