{
 "beached": 0.0,
 "off_maps": 0.0,
 "evaporated": 261758.61346511956,
 "natural_dispersion": 31224.470705700183,
 "sedimentation": 5566.484785812223,
 "water_content": 0.8856425496550224,
 "avg_density": 1016.963582671685,
 "floating": 109309.8963513557,
 "amount_released": 407859.4653079853,
 "non_weathering": 0.0,
 "avg_viscosity": 0.05140791849779186,
 "time_stamp": "2017-07-14T15:00:00"
}