{
 "beached": 0.0,
 "off_maps": 0.0,
 "evaporated": 582633.3422878317,
 "natural_dispersion": 67405.46764320272,
 "sedimentation": 12076.420478893902,
 "water_content": 0.8938087342433423,
 "avg_density": 1017.425298681568,
 "floating": 218002.56314941382,
 "amount_released": 880117.7935593278,
 "non_weathering": 0.0,
 "avg_viscosity": 0.057331851845295406,
 "time_stamp": "2017-07-29T19:00:00"
}