{
 "beached": 0.0,
 "off_maps": 0.0,
 "evaporated": 116222.75384911224,
 "natural_dispersion": 14316.579192387697,
 "sedimentation": 2529.334346763816,
 "water_content": 0.8711241380376309,
 "avg_density": 1015.1325908855315,
 "floating": 54528.02031632553,
 "amount_released": 187596.68770459003,
 "non_weathering": 0.0,
 "avg_viscosity": 0.04407944166685232,
 "time_stamp": "2017-07-07T13:00:00"
}