{
 "beached": 0.0,
 "off_maps": 0.0,
 "evaporated": 561182.703076636,
 "natural_dispersion": 65035.30516572862,
 "sedimentation": 11648.334279840117,
 "water_content": 0.892772125230795,
 "avg_density": 1017.988224020924,
 "floating": 210518.67799257985,
 "amount_released": 848385.0205147712,
 "non_weathering": 0.0,
 "avg_viscosity": 0.05722379487394571,
 "time_stamp": "2017-07-28T19:00:00"
}