{
 "beached": 0.0,
 "off_maps": 0.0,
 "evaporated": 156759.05163698326,
 "natural_dispersion": 19079.6748111336,
 "sedimentation": 3385.184832732192,
 "water_content": 0.8808816773075356,
 "avg_density": 1014.1767947620783,
 "floating": 70905.00565860333,
 "amount_released": 250128.91693945354,
 "non_weathering": 0.0,
 "avg_viscosity": 0.046673976402863235,
 "time_stamp": "2017-07-09T13:00:00"
}