{
 "beached": 0.0,
 "off_maps": 0.0,
 "evaporated": 233957.69580332443,
 "natural_dispersion": 28029.99509484463,
 "sedimentation": 4993.720005266544,
 "water_content": 0.8864438096781464,
 "avg_density": 1015.5114391047633,
 "floating": 99812.11281747784,
 "amount_released": 366793.52372091205,
 "non_weathering": 0.0,
 "avg_viscosity": 0.0502277646933278,
 "time_stamp": "2017-07-13T07:00:00"
}