{
 "beached": 0.0,
 "off_maps": 0.0,
 "evaporated": 333960.5720471094,
 "natural_dispersion": 39461.28918958665,
 "sedimentation": 7051.1214809023695,
 "water_content": 0.8897702113800952,
 "avg_density": 1017.540810616377,
 "floating": 134717.92082933357,
 "amount_released": 515190.9035469268,
 "non_weathering": 0.0,
 "avg_viscosity": 0.05339538398246656,
 "time_stamp": "2017-07-18T02:00:00"
}