{
 "beached": 0.0,
 "off_maps": 0.0,
 "evaporated": 86750.31753470948,
 "natural_dispersion": 10819.876398376968,
 "sedimentation": 1904.1460487825852,
 "water_content": 0.8677387074197205,
 "avg_density": 1014.8376757021181,
 "floating": 42389.82186438757,
 "amount_released": 141864.16184625702,
 "non_weathering": 0.0,
 "avg_viscosity": 0.04125861826426103,
 "time_stamp": "2017-07-06T02:00:00"
}