{
 "beached": 0.0,
 "off_maps": 0.0,
 "evaporated": 325872.9285848613,
 "natural_dispersion": 38567.40651863859,
 "sedimentation": 6890.045267767795,
 "water_content": 0.8903032819636761,
 "avg_density": 1016.396064176109,
 "floating": 132660.72092464406,
 "amount_released": 503991.1012959068,
 "non_weathering": 0.0,
 "avg_viscosity": 0.05294190684778218,
 "time_stamp": "2017-07-17T17:00:00"
}