{
 "beached": 0.0,
 "off_maps": 0.0,
 "evaporated": 204780.58537855596,
 "natural_dispersion": 24645.3833979315,
 "sedimentation": 4386.602642452901,
 "water_content": 0.8844349423074183,
 "avg_density": 1016.8340483713162,
 "floating": 88181.743297892,
 "amount_released": 321994.31471683213,
 "non_weathering": 0.0,
 "avg_viscosity": 0.0495536795256645,
 "time_stamp": "2017-07-11T21:00:00"
}