{
 "beached": 0.0,
 "off_maps": 0.0,
 "evaporated": 313050.74620462063,
 "natural_dispersion": 37090.62026378169,
 "sedimentation": 6621.871934995963,
 "water_content": 0.8876330445560399,
 "avg_density": 1017.2368793279368,
 "floating": 127628.20895322788,
 "amount_released": 484391.44735662185,
 "non_weathering": 0.0,
 "avg_viscosity": 0.052793182247614104,
 "time_stamp": "2017-07-17T02:00:00"
}