{
 "beached": 0.0,
 "off_maps": 0.0,
 "evaporated": 223796.38174929368,
 "natural_dispersion": 26847.66086149981,
 "sedimentation": 4780.736573117897,
 "water_content": 0.8834554592668296,
 "avg_density": 1016.6776872963724,
 "floating": 95502.35801472329,
 "amount_released": 350927.13719863375,
 "non_weathering": 0.0,
 "avg_viscosity": 0.050101017048050575,
 "time_stamp": "2017-07-12T19:00:00"
}