{
 "beached": 0.0,
 "off_maps": 0.0,
 "evaporated": 463968.6358255618,
 "natural_dispersion": 54179.47482793004,
 "sedimentation": 9698.26603177243,
 "water_content": 0.8929361299350631,
 "avg_density": 1017.0942086112984,
 "floating": 179607.79883751582,
 "amount_released": 707454.1755227698,
 "non_weathering": 0.0,
 "avg_viscosity": 0.05563938551121404,
 "time_stamp": "2017-07-24T06:00:00"
}