{
 "beached": 0.0,
 "off_maps": 0.0,
 "evaporated": 589032.4888850871,
 "natural_dispersion": 68097.30755375406,
 "sedimentation": 12202.773887706115,
 "water_content": 0.8937040036915822,
 "avg_density": 1018.1428373332487,
 "floating": 219185.07492106012,
 "amount_released": 888517.6452475928,
 "non_weathering": 0.0,
 "avg_viscosity": 0.05762262875630958,
 "time_stamp": "2017-07-30T02:00:00"
}