{
 "beached": 0.0,
 "off_maps": 0.0,
 "evaporated": 205462.93037861396,
 "natural_dispersion": 24744.549300857976,
 "sedimentation": 4405.278509303319,
 "water_content": 0.8855005567093005,
 "avg_density": 1015.1796815357727,
 "floating": 89248.19023656049,
 "amount_released": 323860.94842533546,
 "non_weathering": 0.0,
 "avg_viscosity": 0.049169660898038675,
 "time_stamp": "2017-07-11T22:00:00"
}