{
 "beached": 0.0,
 "off_maps": 0.0,
 "evaporated": 554910.1020481812,
 "natural_dispersion": 64322.554054050524,
 "sedimentation": 11522.290114444524,
 "water_content": 0.893529116327829,
 "avg_density": 1017.3479589459969,
 "floating": 209230.2226098432,
 "amount_released": 839985.1688265062,
 "non_weathering": 0.0,
 "avg_viscosity": 0.05694756336756601,
 "time_stamp": "2017-07-28T12:00:00"
}