{
 "beached": 0.0,
 "off_maps": 0.0,
 "evaporated": 424397.08528332366,
 "natural_dispersion": 49703.565119351784,
 "sedimentation": 8892.849487560294,
 "water_content": 0.8916940796499501,
 "avg_density": 1017.8186448330794,
 "floating": 165661.71381468774,
 "amount_released": 648655.2137049149,
 "non_weathering": 0.0,
 "avg_viscosity": 0.055194537834666615,
 "time_stamp": "2017-07-22T09:00:00"
}