{
 "beached": 0.0,
 "off_maps": 0.0,
 "evaporated": 163527.43114235578,
 "natural_dispersion": 19870.872756877303,
 "sedimentation": 3530.0535519639834,
 "water_content": 0.8823309246551502,
 "avg_density": 1014.4044693100072,
 "floating": 73467.04488502389,
 "amount_released": 260395.40233622218,
 "non_weathering": 0.0,
 "avg_viscosity": 0.04709735759133743,
 "time_stamp": "2017-07-09T21:00:00"
}