{
 "beached": 0.0,
 "off_maps": 0.0,
 "evaporated": 209103.02351409936,
 "natural_dispersion": 25141.959975034562,
 "sedimentation": 4476.443911048246,
 "water_content": 0.8846811799020027,
 "avg_density": 1016.8658862897768,
 "floating": 89806.10529641197,
 "amount_released": 328527.5326965938,
 "non_weathering": 0.0,
 "avg_viscosity": 0.04970440575768208,
 "time_stamp": "2017-07-12T02:00:00"
}