{
 "beached": 0.0,
 "off_maps": 0.0,
 "evaporated": 202963.98325566133,
 "natural_dispersion": 24449.989101088442,
 "sedimentation": 4350.200504991962,
 "water_content": 0.8846783814199265,
 "avg_density": 1015.0824649680756,
 "floating": 88363.50814658726,
 "amount_released": 320127.6810083288,
 "non_weathering": 0.0,
 "avg_viscosity": 0.049015219281359594,
 "time_stamp": "2017-07-11T19:00:00"
}