{
 "beached": 0.0,
 "off_maps": 0.0,
 "evaporated": 285067.8558882405,
 "natural_dispersion": 33896.32744083669,
 "sedimentation": 6049.056326303398,
 "water_content": 0.8885373245202945,
 "avg_density": 1016.034082350403,
 "floating": 118312.2661141712,
 "amount_released": 443325.5057695486,
 "non_weathering": 0.0,
 "avg_viscosity": 0.05182429408697925,
 "time_stamp": "2017-07-15T18:00:00"
}