{
 "beached": 0.0,
 "off_maps": 0.0,
 "evaporated": 179927.69950145774,
 "natural_dispersion": 21778.771496036785,
 "sedimentation": 3870.0367315512017,
 "water_content": 0.8805847206570747,
 "avg_density": 1016.2892739955663,
 "floating": 79085.13281771918,
 "amount_released": 284661.6405467655,
 "non_weathering": 0.0,
 "avg_viscosity": 0.048287272535717955,
 "time_stamp": "2017-07-10T16:00:00"
}