{
 "beached": 0.0,
 "off_maps": 0.0,
 "evaporated": 321485.06355234445,
 "natural_dispersion": 38071.367496669955,
 "sedimentation": 6800.763830560871,
 "water_content": 0.8903138395526995,
 "avg_density": 1016.3774750535681,
 "floating": 131100.6884365746,
 "amount_released": 497457.88331614516,
 "non_weathering": 0.0,
 "avg_viscosity": 0.0528463757401737,
 "time_stamp": "2017-07-17T12:00:00"
}