{
 "beached": 0.0,
 "off_maps": 0.0,
 "evaporated": 271279.2035836516,
 "natural_dispersion": 32301.808166421823,
 "sedimentation": 5763.623358364045,
 "water_content": 0.8877599412054198,
 "avg_density": 1017.2666687244484,
 "floating": 112514.58301332543,
 "amount_released": 421859.2181217603,
 "non_weathering": 0.0,
 "avg_viscosity": 0.05180258541979655,
 "time_stamp": "2017-07-15T02:00:00"
}