{
 "beached": 0.0,
 "off_maps": 0.0,
 "evaporated": 354810.57061101496,
 "natural_dispersion": 41852.64868515695,
 "sedimentation": 7478.887693193694,
 "water_content": 0.8906068487229049,
 "avg_density": 1016.5437806006441,
 "floating": 142781.56960212387,
 "amount_released": 546923.6765914834,
 "non_weathering": 0.0,
 "avg_viscosity": 0.05356317865236311,
 "time_stamp": "2017-07-19T02:00:00"
}