{
 "beached": 0.0,
 "off_maps": 0.0,
 "evaporated": 152476.25531743807,
 "natural_dispersion": 18583.172848970986,
 "sedimentation": 3295.5212362036045,
 "water_content": 0.8805648149778768,
 "avg_density": 1014.0817261813122,
 "floating": 69240.74955707788,
 "amount_released": 243595.69895969168,
 "non_weathering": 0.0,
 "avg_viscosity": 0.0464300206383963,
 "time_stamp": "2017-07-09T08:00:00"
}