{
 "beached": 0.0,
 "off_maps": 0.0,
 "evaporated": 124385.7777294295,
 "natural_dispersion": 15297.126685140045,
 "sedimentation": 2707.3779794024053,
 "water_content": 0.8778320707746562,
 "avg_density": 1013.3025516680221,
 "floating": 58272.84127014097,
 "amount_released": 200663.12366411375,
 "non_weathering": 0.0,
 "avg_viscosity": 0.04450101642360711,
 "time_stamp": "2017-07-07T23:00:00"
}