{
 "beached": 0.0,
 "off_maps": 0.0,
 "evaporated": 170307.6942474273,
 "natural_dispersion": 20667.80960141875,
 "sedimentation": 3672.0746156121327,
 "water_content": 0.8830355205154496,
 "avg_density": 1014.5612256056373,
 "floating": 76014.30926853135,
 "amount_released": 270661.88773299055,
 "non_weathering": 0.0,
 "avg_viscosity": 0.04752247180334683,
 "time_stamp": "2017-07-10T05:00:00"
}