{
 "beached": 0.0,
 "off_maps": 0.0,
 "evaporated": 78357.67743351181,
 "natural_dispersion": 9826.365108622356,
 "sedimentation": 1724.8156252176755,
 "water_content": 0.8651157807118784,
 "avg_density": 1014.5376589874569,
 "floating": 38888.86771938112,
 "amount_released": 128797.72588673331,
 "non_weathering": 0.0,
 "avg_viscosity": 0.040202653883724335,
 "time_stamp": "2017-07-05T16:00:00"
}