{
 "beached": 0.0,
 "off_maps": 0.0,
 "evaporated": 181400.68013406286,
 "natural_dispersion": 21961.81039947151,
 "sedimentation": 3904.5208029407154,
 "water_content": 0.8841320729332318,
 "avg_density": 1014.7991653311602,
 "floating": 80194.57977304488,
 "amount_released": 287461.5911095205,
 "non_weathering": 0.0,
 "avg_viscosity": 0.04810777639403956,
 "time_stamp": "2017-07-10T18:00:00"
}