{
 "beached": 0.0,
 "off_maps": 0.0,
 "evaporated": 9350.923634627088,
 "natural_dispersion": 1277.5460046109104,
 "sedimentation": 197.56093637172802,
 "water_content": 0.689375188424982,
 "avg_density": 995.8916447746896,
 "floating": 6906.9896551723505,
 "amount_released": 17733.02023078208,
 "non_weathering": 0.0,
 "avg_viscosity": 0.0064996449130070464,
 "time_stamp": "2017-07-02T02:00:00"
}