{
 "beached": 0.0,
 "off_maps": 0.0,
 "evaporated": 174605.29113847783,
 "natural_dispersion": 21164.4032761487,
 "sedimentation": 3761.880893021829,
 "water_content": 0.8833256169625344,
 "avg_density": 1014.6428091513839,
 "floating": 77663.53040510303,
 "amount_released": 277195.1057127522,
 "non_weathering": 0.0,
 "avg_viscosity": 0.04772841006136434,
 "time_stamp": "2017-07-10T10:00:00"
}