{
 "beached": 0.0,
 "off_maps": 0.0,
 "evaporated": 228820.34351352946,
 "natural_dispersion": 27449.436823636366,
 "sedimentation": 4887.73902158962,
 "water_content": 0.8843902026724106,
 "avg_density": 1016.777988229476,
 "floating": 97236.1526738928,
 "amount_released": 358393.67203264707,
 "non_weathering": 0.0,
 "avg_viscosity": 0.05038385726324554,
 "time_stamp": "2017-07-13T01:00:00"
}