{
 "beached": 0.0,
 "off_maps": 0.0,
 "evaporated": 410274.49251919065,
 "natural_dispersion": 48130.69676618409,
 "sedimentation": 8607.928385905372,
 "water_content": 0.890453945919409,
 "avg_density": 1017.6271044564219,
 "floating": 161109.12524010616,
 "amount_released": 628122.2429113783,
 "non_weathering": 0.0,
 "avg_viscosity": 0.054867979956425866,
 "time_stamp": "2017-07-21T17:00:00"
}