{
 "beached": 0.0,
 "off_maps": 0.0,
 "evaporated": 397102.1322993632,
 "natural_dispersion": 46620.52220702732,
 "sedimentation": 8338.835359681892,
 "water_content": 0.8911875569638609,
 "avg_density": 1017.7438756464493,
 "floating": 156461.09910602844,
 "amount_released": 608522.5889720933,
 "non_weathering": 0.0,
 "avg_viscosity": 0.054688508735958825,
 "time_stamp": "2017-07-21T02:00:00"
}