{
 "beached": 0.0,
 "off_maps": 0.0,
 "evaporated": 125396.73550431615,
 "natural_dispersion": 15414.902587055965,
 "sedimentation": 2725.690846041526,
 "water_content": 0.8737221476881674,
 "avg_density": 1015.4271684405384,
 "floating": 58059.11158095095,
 "amount_released": 201596.44051836545,
 "non_weathering": 0.0,
 "avg_viscosity": 0.04497758057235007,
 "time_stamp": "2017-07-08T00:00:00"
}