{
 "beached": 0.0,
 "off_maps": 0.0,
 "evaporated": 95061.18514320676,
 "natural_dispersion": 11834.011904844767,
 "sedimentation": 2082.9317122079533,
 "water_content": 0.8668675845326947,
 "avg_density": 1014.5952976128015,
 "floating": 45952.469045520746,
 "amount_released": 154930.59780578074,
 "non_weathering": 0.0,
 "avg_viscosity": 0.042122885663047796,
 "time_stamp": "2017-07-06T12:00:00"
}