{
 "beached": 0.0,
 "off_maps": 0.0,
 "evaporated": 357359.9118340355,
 "natural_dispersion": 42147.063337608655,
 "sedimentation": 7533.867210671557,
 "water_content": 0.8910452384995359,
 "avg_density": 1016.5928491933628,
 "floating": 143616.10162618055,
 "amount_released": 550656.9440084901,
 "non_weathering": 0.0,
 "avg_viscosity": 0.053652201988907064,
 "time_stamp": "2017-07-19T05:00:00"
}