{
 "beached": 0.0,
 "off_maps": 0.0,
 "evaporated": 176418.6527931741,
 "natural_dispersion": 21366.429293138604,
 "sedimentation": 3796.6322432137704,
 "water_content": 0.8826710394602432,
 "avg_density": 1014.6079777101368,
 "floating": 78413.34194597999,
 "amount_released": 279995.0562755072,
 "non_weathering": 0.0,
 "avg_viscosity": 0.04774491979560529,
 "time_stamp": "2017-07-10T12:00:00"
}