{
 "beached": 0.0,
 "off_maps": 0.0,
 "evaporated": 512989.93999529973,
 "natural_dispersion": 59666.17356871704,
 "sedimentation": 10682.29283769614,
 "water_content": 0.8922001342374206,
 "avg_density": 1017.8932424318269,
 "floating": 195047.85004419537,
 "amount_released": 778386.2564458963,
 "non_weathering": 0.0,
 "avg_viscosity": 0.056550173091890074,
 "time_stamp": "2017-07-26T13:00:00"
}