{
 "beached": 0.0,
 "off_maps": 0.0,
 "evaporated": 96837.53239560495,
 "natural_dispersion": 12029.407324142445,
 "sedimentation": 2118.24230492573,
 "water_content": 0.86643606478802,
 "avg_density": 1014.5681023680754,
 "floating": 46745.366343862144,
 "amount_released": 157730.54836853582,
 "non_weathering": 0.0,
 "avg_viscosity": 0.042201579012845505,
 "time_stamp": "2017-07-06T14:00:00"
}